lem,index,token,stem,pos,counts
base,29,based,base,VB,213
novel,48,novel,novel,NN,105
relationship,101,relationships,relationship,NN,100
book,49,book,book,NN,95
love,203,loved,love,VB,84
duringcreditsstinger,596,duringcreditsstinger,duringcreditssting,NN,65
murder,96,murder,murder,NN,63
new,82,new,new,JJ,58
school,71,school,school,NN,54
child,72,child,child,NN,54
woman,78,woman,woman,NN,54
war,479,war,war,NN,53
alien,3,alien,alien,NN,47
aftercreditsstinger,474,aftercreditsstinger,aftercreditssting,NN,45
california,258,california,california,NN,44
world,132,world,world,NN,43
city,61,city,citi,NN,42
story,31,story,stori,NN,42
violence,161,violence,violenc,NN,42
biography,28,biography,biographi,NN,42
drug,193,drugs,drug,NN,40
death,44,death,death,NN,39
space,13,space,space,NN,39
comic,246,comic,comic,JJ,39
dystopia,1,dystopia,dystopia,NN,38
true,30,true,true,JJ,37
family,100,family,famili,NN,37
director,79,director,director,NN,36
future,89,future,futur,NN,36
york,83,york,york,NN,35
secret,145,secret,secret,NN,35
loss,202,loss,loss,NN,35
car,165,car,car,NN,35
friendship,415,friendship,friendship,NN,34
century,138,century,centuri,NN,33
time,90,time,time,NN,31
superhero,244,superhero,superhero,NN,29
england,284,england,england,NN,29
young,3017,young,young,JJ,27
parent,114,parent,parent,NN,27
female,235,female,femal,NN,27
friend,664,friend,friend,NN,27
high,660,high,high,JJ,27
fight,242,fight,fight,NN,26
travel,14,travel,travel,NN,26
revenge,390,revenge,reveng,NN,25
life,909,life,life,NN,25
adult,1546,adult,adult,NN,25
police,183,police,polic,NN,25
art,205,arts,art,NN,25
film,66,film,film,NN,24
hero,1630,hero,hero,NN,24
identity,146,identity,ident,NN,23
los,398,los,lo,NN,23
mother,33,mother,mother,NN,23
angeles,399,angeles,angel,NN,23
age,329,age,age,NN,23
comedy,57,comedy,comedi,NN,23
sequel,2261,sequel,sequel,NN,23
france,426,france,franc,NN,23
robot,421,robot,robot,NN,23
sport,1710,sports,sport,NN,22
magic,2010,magic,magic,NN,22
daughter,210,daughter,daughter,NN,22
race,91,race,race,NN,22
teenage,459,teenage,teenag,NN,22
intelligence,910,intelligence,intellig,NN,22
martial,204,martial,martial,NN,21
marriage,447,marriage,marriag,NN,21
sibling,168,sibling,sibl,VB,20
investigation,93,investigation,investig,NN,20
paris,425,paris,pari,NN,20
universe,251,universe,univers,NN,20
chase,184,chase,chase,NN,20
mission,152,mission,mission,NN,20
killer,59,killer,killer,NN,20
lgbt,2883,lgbt,lgbt,NN,19
teenager,821,teenager,teenag,NN,19
gay,2018,gay,gay,NN,18
remake,177,remake,remak,NN,18
crime,181,crime,crime,NN,18
conspiracy,1092,conspiracy,conspiraci,NN,17
writer,341,writer,writer,NN,17
power,452,power,power,NN,17
suicide,2295,suicide,suicid,NN,16
house,601,house,hous,NN,16
wedding,379,wedding,wed,NN,16
hotel,307,hotel,hotel,NN,16
die,153,dying,die,VB,16
musical,433,musical,music,JJ,16
evil,1125,evil,evil,NN,16
gang,584,gang,gang,NN,16
army,486,army,armi,NN,16
wife,1188,wife,wife,NN,16
soldier,1153,soldier,soldier,NN,16
dark,56,dark,dark,NN,16
computer,157,computer,comput,NN,16
assassin,1238,assassin,assassin,NN,16
survival,5,survival,surviv,NN,15
super,451,super,super,NN,15
crisis,448,crisis,crisi,NN,15
music,276,music,music,NN,15
movie,653,movie,movi,NN,15
person,256,person,person,NN,15
history,95,history,histori,NN,15
father,94,father,father,NN,15
marvel,250,marvel,marvel,NN,15
detective,86,detective,detect,NN,15
man,51,man,man,NN,15
thriller,63,thriller,thriller,NN,14
game,271,game,game,NN,14
american,80,american,american,JJ,14
kidnapping,1073,kidnapping,kidnap,NN,14
black,2079,black,black,JJ,14
husband,1187,husband,husband,NN,14
artificial,1620,artificial,artifici,JJ,14
addiction,313,addiction,addict,NN,14
date,2634,date,date,NN,14
sword,228,sword,sword,NN,14
fbi,260,fbi,fbi,NN,14
agent,156,agent,agent,NN,14
dream,791,dream,dream,NN,14
street,53,street,street,NN,14
prison,879,prison,prison,NN,14
sea,1737,sea,sea,NN,13
journalist,318,journalist,journalist,NN,13
terrorist,1342,terrorist,terrorist,NN,13
cult,65,cult,cult,NN,13
italy,113,italy,itali,NN,13
undercover,148,undercover,undercov,NN,13
spy,4578,spy,spi,NN,13
neonoir,409,neonoir,neonoir,NN,13
british,1144,british,british,JJ,13
hospital,378,hospital,hospit,NN,13
opera,1175,opera,opera,NN,12
abuse,1990,abuse,abus,NN,12
assassination,1408,assassination,assassin,NN,12
journalism,1660,journalism,journal,NN,12
wall,52,wall,wall,NN,12
government,1322,government,govern,NN,12
cia,143,cia,cia,NN,12
prostitute,1588,prostitute,prostitut,NN,12
london,2524,london,london,NN,12
crash,9,crash,crash,NN,12
invasion,1333,invasion,invas,NN,12
come,328,coming,come,VB,11
bank,552,bank,bank,NN,11
desert,232,desert,desert,NN,11
terrorism,550,terrorism,terror,NN,11
battle,957,battle,battl,NN,11
boy,1122,boy,boy,NN,11
flashback,98,flashback,flashback,NN,11
criminal,850,criminal,crimin,JJ,11
ghost,1376,ghost,ghost,NN,11
ancient,124,ancient,ancient,NN,11
mutant,243,mutant,mutant,NN,11
hand,716,hand,hand,NN,11
airplane,41,airplane,airplan,NN,11
satire,55,satire,satir,NN,11
miss,1291,missing,miss,VB,11
lover,970,lover,lover,NN,11
horror,1157,horror,horror,NN,11
human,700,human,human,NN,11
island,149,island,island,NN,11
russia,1009,russia,russia,NN,11
serial,58,serial,serial,JJ,11
rescue,99,rescue,rescu,NN,11
law,37,law,law,NN,11
party,953,party,parti,NN,11
robbery,291,robbery,robberi,NN,11
run,1533,running,run,VB,11
zombie,1093,zombie,zombi,NN,11
memory,394,memory,memori,NN,10
scientist,254,scientist,scientist,NN,10
heist,178,heist,heist,NN,10
corruption,768,corruption,corrupt,NN,10
student,622,student,student,NN,10
psychological,62,psychological,psycholog,JJ,10
romance,1056,romance,romanc,NN,10
illness,498,illness,ill,NN,10
cop,775,cop,cop,NN,10
reality,263,reality,realiti,NN,10
star,1063,star,star,NN,10
mental,804,mental,mental,NN,10
trap,23,trapped,trap,VB,10
business,50,business,busi,NN,10
obsession,837,obsession,obsess,NN,10
phone,407,phone,phone,NN,10
social,669,social,social,JJ,10
son,1292,son,son,NN,10
giant,1987,giant,giant,NN,10
girl,624,girl,girl,NN,10
sex,2610,sex,sex,NN,10
swim,322,swimming,swim,VB,10
money,846,money,money,NN,9
racism,2466,racism,racism,NN,9
texas,858,texas,texa,NN,9
play,432,play,play,NN,9
town,1206,town,town,NN,9
chaos,1992,chaos,chao,NN,9
male,2647,male,male,NN,9
military,1565,military,militari,JJ,9
nazi,1364,nazi,nazi,NN,9
postapocalyptic,4134,postapocalyptic,postapocalypt,JJ,9
class,672,class,class,NN,9
combat,133,combat,combat,NN,9
job,542,job,job,NN,9
amnesia,383,amnesia,amnesia,NN,9
brutality,758,brutality,brutal,NN,9
clone,1407,clone,clone,NN,9
single,32,single,singl,JJ,9
dance,510,dance,danc,NN,9
doctor,2265,doctor,doctor,NN,9
faith,1326,faith,faith,NN,9
australia,2822,australia,australia,NN,9
germany,1264,germany,germani,NN,9
spacecraft,12,spacecraft,spacecraft,NN,9
short,2027,short,short,JJ,9
area,1331,area,area,NN,9
service,988,services,servic,NN,9
self,711,self,self,NN,9
shootout,182,shootout,shootout,NN,9
animal,2125,animal,anim,NN,9
san,309,san,san,NN,9
sister,3846,sister,sister,NN,9
hostage,2356,hostage,hostag,NN,9
florida,1707,florida,florida,NN,9
wizard,961,wizard,wizard,NN,9
orphan,4511,orphan,orphan,NN,8
mythology,2139,mythology,mytholog,NN,8
fire,805,fire,fire,NN,8
fashion,3475,fashion,fashion,NN,8
campaign,1509,campaign,campaign,NN,8
camp,2034,camp,camp,NN,8
united,722,united,unit,JJ,8
one,908,ones,one,NN,8
fraud,283,fraud,fraud,NN,8
past,536,past,past,NN,8
fox,249,foxs,fox,NN,8
cell,1255,cell,cell,NN,8
old,4287,older,older,JJ,8
fly,221,flying,fli,VB,8
explosion,103,explosion,explos,NN,8
planet,10,planet,planet,NN,8
society,1554,society,societi,NN,8
ireland,3344,ireland,ireland,NN,8
rural,1330,rural,rural,JJ,8
supernatural,1382,supernatural,supernatur,JJ,8
leader,1513,leader,leader,NN,8
machine,1082,machine,machin,NN,8
divorce,73,divorce,divorc,NN,8
save,1299,saving,save,VB,8
prisoner,1352,prisoner,prison,NN,8
station,2795,station,station,NN,8
escape,102,escape,escap,NN,8
spain,142,spain,spain,NN,8
experiment,253,experiment,experi,NN,8
jealousy,834,jealousy,jealousi,NN,8
china,2168,china,china,NN,8
ship,1377,ship,ship,NN,8
blood,3797,blood,blood,NN,8
small,747,small,small,JJ,8
witch,1968,witch,witch,NN,8
action,965,action,action,NN,8
weapon,1087,weapon,weapon,NN,8
virus,160,virus,viru,NN,8
adultery,1135,adultery,adulteri,NN,8
video,1097,video,video,NN,8
resistance,1346,resistance,resist,NN,7
surgery,1296,surgery,surgeri,NN,7
radio,88,radio,radio,NN,7
thief,174,thief,thief,NN,7
boxer,295,boxer,boxer,NN,7
superhuman,247,superhuman,superhuman,NN,7
white,67,white,white,JJ,7
rock,305,rock,rock,NN,7
politician,4815,politician,politician,NN,7
hacker,25,hacker,hacker,NN,7
rome,112,rome,rome,NN,7
autobiography,1370,autobiography,autobiographi,NN,7
corpse,43,corpse,corps,NN,7
mountain,227,mountain,mountain,NN,7
civil,2899,civil,civil,JJ,7
vampire,3252,vampire,vampir,NN,7
cinematic,4572,cinematic,cinemat,JJ,7
disorder,1610,disorders,disord,NN,7
church,3772,church,church,NN,7
protagonist,2575,protagonist,protagonist,NN,7
memoir,1369,memoir,memoir,NN,7
taxi,2354,taxi,taxi,NN,7
accident,42,accident,accid,NN,7
haunt,2756,haunted,haunt,VB,7
attack,1072,attack,attack,NN,7
revolution,220,revolution,revolut,NN,7
interest,4119,interest,interest,NN,7
bad,1113,bad,bad,JJ,7
immigration,1310,immigration,immigr,NN,7
dead,2040,dead,dead,JJ,7
anti,3560,anti,anti,NN,7
best,663,best,best,JJ,7
court,1526,court,court,NN,7
language,1010,language,languag,NN,7
technology,4760,technology,technolog,NN,7
post,3581,post,post,NN,7
mexico,2113,mexico,mexico,NN,7
newspaper,3528,newspaper,newspap,NN,7
group,1051,group,group,NN,7
conflict,936,conflict,conflict,NN,7
team,163,team,team,NN,7
rape,3275,rape,rape,NN,7
boat,1266,boat,boat,NN,7
news,1699,news,news,NN,7
room,308,room,room,NN,7
con,886,con,con,NN,7
usa,201,usa,usa,NN,7
culture,746,culture,cultur,NN,7
sorcery,968,sorcery,sorceri,NN,7
journey,962,journey,journey,NN,7
teacher,4414,teacher,teacher,NN,7
gangster,2011,gangster,gangster,NN,7
nurse,364,nurse,nurs,NN,7
massachusetts,906,massachusetts,massachusett,NN,7
teen,4868,teen,teen,NN,7
prequel,5179,prequel,prequel,NN,6
middle,4109,middle,middl,NN,6
middleearth,969,middleearth,middleearth,NN,6
stock,2656,stocks,stock,NN,6
president,5105,president,presid,NN,6
berlin,2323,berlin,berlin,NN,6
elf,937,elves,elv,NN,6
orcs,939,orcs,orc,NN,6
europe,2252,europe,europ,NN,6
market,912,market,market,NN,6
spiderman,1129,spiderman,spiderman,NN,6
android,1413,android,android,NN,6
espionage,2335,espionage,espionag,NN,6
trauma,537,trauma,trauma,NN,6
security,2655,securities,secur,NN,6
gun,1162,gun,gun,NN,6
operation,2069,operation,oper,NN,6
mercenary,1508,mercenary,mercenari,NN,6
disease,1075,disease,diseas,NN,6
dwarf,938,dwarf,dwarf,NN,6
demon,872,demon,demon,NN,6
corporation,2420,corporation,corpor,NN,6
country,278,country,countri,NN,6
couple,4482,couples,coupl,NN,6
alcoholic,1519,alcoholic,alcohol,JJ,6
letter,2966,letter,letter,NN,6
night,2486,night,night,NN,6
nuclear,3295,nuclear,nuclear,JJ,6
alcohol,833,alcohol,alcohol,NN,6
kill,252,killing,kill,VB,6
sacrifice,1416,sacrifice,sacrific,NN,6
village,1199,village,villag,NN,6
beach,2713,beach,beach,NN,6
villain,1111,villain,villain,NN,6
surveillance,609,surveillance,surveil,NN,6
india,1724,india,india,NN,6
training,2571,training,train,NN,6
hobbit,940,hobbit,hobbit,NN,6
virtual,262,virtual,virtual,JJ,6
disaster,652,disaster,disast,NN,6
summer,2881,summer,summer,NN,6
vision,820,vision,vision,NN,6
pirate,1733,pirate,pirat,NN,6
officer,5023,officer,offic,NN,6
xmen,248,xmen,xmen,NN,6
torture,1042,torture,tortur,NN,6
lie,2331,lie,lie,NN,6
dragon,1453,dragon,dragon,NN,6
strong,2564,strong,strong,JJ,6
agency,1323,agency,agenc,NN,6
scene,1846,scene,scene,NN,6
cancer,1057,cancer,cancer,NN,6
vigilante,2746,vigilante,vigilant,NN,6
washington,1277,washington,washington,NN,6
moon,1148,moon,moon,NN,6
politics,2696,politics,polit,NN,6
monster,3300,monster,monster,NN,6
kung,1626,kung,kung,NN,6
possession,4245,possession,possess,NN,6
gore,216,gore,gore,NN,6
live,964,live,live,JJ,6
fate,787,fate,fate,NN,6
unlikely,1799,unlikely,unlik,JJ,6
pool,323,pool,pool,NN,6
fantasy,3057,fantasy,fantasi,NN,6
research,166,research,research,NN,6
maid,434,maid,maid,NN,6
body,2041,body,bodi,NN,6
financial,2661,financial,financi,JJ,6
bomb,727,bomb,bomb,NN,6
god,1665,god,god,NN,6
artist,237,artist,artist,NN,6
francisco,3762,francisco,francisco,NN,6
figure,1170,figure,figur,NN,6
call,408,call,call,NN,6
blackmail,175,blackmail,blackmail,NN,6
slavery,123,slavery,slaveri,NN,6
manipulation,387,manipulation,manipul,NN,6
funeral,1446,funeral,funer,JJ,6
southern,200,southern,southern,JJ,6
greece,2155,greece,greec,NN,6
record,277,record,record,NN,6
shoot,1771,shooting,shoot,VB,6
marine,686,marine,marin,NN,6
japan,1398,japan,japan,NN,6
author,752,author,author,NN,6
mind,270,mind,mind,NN,6
holiday,3291,holiday,holiday,NN,5
pilot,480,pilot,pilot,NN,5
minister,4353,minister,minist,NN,5
virginia,826,virginia,virginia,NN,5
therapy,2006,therapy,therapi,NN,5
independent,750,independent,independ,JJ,5
nature,1820,nature,natur,NN,5
first,4227,first,first,RB,5
animation,966,animation,anim,NN,5
underground,298,underground,underground,NN,5
diamond,302,diamond,diamond,NN,5
hitman,2360,hitman,hitman,NN,5
infidelity,1136,infidelity,infidel,NN,5
nation,723,nations,nation,NN,5
hitler,5446,hitler,hitler,NN,5
river,281,river,river,NN,5
fighter,2742,fighter,fighter,NN,5
civilization,739,civilization,civil,NN,5
boxing,289,boxing,box,NN,5
moscow,2348,moscow,moscow,NN,5
christmas,2871,christmas,christma,NN,5
surrealism,266,surrealism,surreal,NN,5
airport,366,airport,airport,NN,5
suspicion,1930,suspicion,suspicion,NN,5
humor,352,humor,humor,NN,5
illegal,192,illegal,illeg,JJ,5
professor,737,professor,professor,NN,5
upper,1777,upper,upper,JJ,5
cross,1064,crossed,cross,VB,5
telephone,681,telephone,telephon,NN,5
philosophy,732,philosophy,philosophi,NN,5
hunt,2543,hunt,hunt,NN,5
confession,637,confession,confess,NN,5
africa,2834,africa,africa,NN,5
victim,3253,victim,victim,NN,5
blind,5697,blind,blind,NN,5
countryside,1809,countryside,countrysid,NN,5
futuristic,5206,futuristic,futurist,JJ,5
redemption,4096,redemption,redempt,NN,5
forest,749,forest,forest,NN,5
photographer,1110,photographer,photograph,NN,5
neighbor,4348,neighbor,neighbor,NN,5
priest,4549,priest,priest,NN,5
sexual,6261,sexual,sexual,JJ,5
swashbuckler,1043,swashbuckler,swashbuckl,NN,5
romantic,2025,romantic,romant,JJ,5
dealer,385,dealer,dealer,NN,5
private,3162,private,privat,JJ,5
hong,1395,hong,hong,NN,5
psychiatrist,800,psychiatrist,psychiatrist,NN,5
force,484,force,forc,NN,5
apocalypse,349,apocalypse,apocalyps,NN,5
la,894,las,la,NN,5
company,1726,company,compani,NN,5
legend,3873,legend,legend,NN,5
foot,1253,foot,foot,NN,5
football,2453,football,footbal,NN,5
right,2108,right,right,NN,5
become,1180,becoming,becom,VB,5
transformation,2782,transformation,transform,NN,5
cheat,4503,cheating,cheat,VB,5
smoking,934,smoking,smoke,NN,5
traffic,344,traffic,traffic,NN,5
pennsylvania,439,pennsylvania,pennsylvania,NN,5
tragic,1060,tragic,tragic,NN,5
vega,895,vegas,vega,NN,5
queen,4104,queen,queen,NN,5
treasure,1032,treasure,treasur,NN,5
change,1197,changing,chang,VB,5
twin,1022,twins,twin,NN,5
attempt,2562,attempt,attempt,NN,5
widower,3880,widower,widow,NN,5
traitor,3336,traitor,traitor,NN,5
jazz,1481,jazz,jazz,NN,5
kennedy,1231,kennedy,kennedi,NN,5
japanese,1521,japanese,japanes,JJ,5
fall,2373,falling,fall,VB,5
jail,1474,jail,jail,NN,5
east,1723,east,east,NN,5
key,538,key,key,NN,5
empowerment,1547,empowerment,empower,NN,5
mafia,766,mafia,mafia,NN,5
psychopath,54,psychopath,psychopath,NN,5
light,1316,light,light,NN,5
helicopter,144,helicopter,helicopt,NN,5
cat,367,cat,cat,NN,5
religious,874,religious,religi,JJ,5
spider,1112,spider,spider,NN,5
cannibal,2851,cannibal,cannib,NN,5
speech,5989,speech,speech,NN,5
monk,1813,monk,monk,NN,5
south,211,south,south,NN,5
childrens,995,childrens,children,NN,5
kong,1396,kong,kong,NN,5
drama,2930,drama,drama,NN,5
monkey,713,monkey,monkey,NN,5
religion,5348,religion,religion,NN,5
motel,386,motel,motel,NN,5
drive,742,drive,drive,NN,5
lawyer,1478,lawyer,lawyer,NN,5
betrayal,179,betrayal,betray,NN,5
chinese,7853,chinese,chines,JJ,5
snow,2209,snow,snow,NN,4
arrest,1756,arrest,arrest,NN,4
fake,3901,fake,fake,NN,4
foster,983,foster,foster,NN,4
sniper,1245,sniper,sniper,NN,4
warfare,2290,warfare,warfar,NN,4
cruelty,2044,cruelty,cruelti,NN,4
photography,1115,photography,photographi,NN,4
hack,27,hacking,hack,VB,4
exotic,638,exotic,exot,JJ,4
shark,8215,shark,shark,NN,4
arm,525,arms,arm,NN,4
laboratory,167,laboratory,laboratori,NN,4
guard,2641,guard,guard,NN,4
plot,830,plot,plot,NN,4
fairy,491,fairy,fairi,NN,4
noir,1294,noir,noir,NN,4
spirit,3205,spirit,spirit,NN,4
tank,4921,tank,tank,NN,4
coworker,5269,coworker,cowork,NN,4
ninja,2753,ninja,ninja,NN,4
great,5143,great,great,JJ,4
baseball,87,baseball,basebal,NN,4
state,1298,state,state,NN,4
hunter,5738,hunter,hunter,NN,4
tale,3052,tale,tale,NN,4
affair,2433,affair,affair,NN,4
barrier,1011,barrier,barrier,NN,4
actor,714,actor,actor,NN,4
fugitive,956,fugitive,fugit,JJ,4
lake,891,lake,lake,NN,4
pregnancy,4229,pregnancy,pregnanc,NN,4
year,4467,years,year,NN,4
plan,3857,planned,plan,VB,4
cyber,3986,cyber,cyber,NN,4
filmmaking,4667,filmmaking,filmmak,VB,4
korea,7410,korea,korea,NN,4
national,4239,national,nation,JJ,4
fatherinlaw,370,fatherinlaw,fatherinlaw,NN,4
difference,1784,difference,differ,NN,4
mine,725,mine,mine,NN,4
stroke,1981,stroke,stroke,NN,4
driver,2358,driver,driver,NN,4
sun,1225,sun,sun,NN,4
disappearance,3362,disappearance,disappear,NN,4
pretend,2017,pretending,pretend,VB,4
schizophrenia,257,schizophrenia,schizophrenia,NN,4
historical,129,historical,histor,JJ,4
water,34,water,water,NN,4
fictional,1321,fictional,fiction,JJ,4
medium,4070,media,media,NN,4
prime,6568,prime,prime,NN,4
suburbia,819,suburbia,suburbia,NN,4
slave,127,slave,slave,NN,4
dog,627,dog,dog,NN,4
advertising,462,advertising,advertis,NN,4
skyscraper,147,skyscraper,skyscrap,NN,4
destruction,2689,destruction,destruct,NN,4
horse,2157,horse,hors,NN,4
storm,1602,storm,storm,NN,4
multiple,1259,multiple,multipl,NN,4
steal,194,stolen,stolen,VB,4
folklore,5764,folklore,folklor,NN,4
astronaut,19,astronaut,astronaut,NN,4
wealth,2990,wealth,wealth,NN,4
museum,3440,museum,museum,NN,4
werewolf,1152,werewolf,werewolf,NN,4
myth,5762,myths,myth,NN,4
alaska,1217,alaska,alaska,NN,4
sexuality,733,sexuality,sexual,NN,4
science,423,science,scienc,NN,4
homophobia,2873,homophobia,homophobia,NN,4
smuggle,430,smuggling,smuggl,VB,4
hawaii,477,hawaii,hawaii,NN,4
mechanic,867,mechanic,mechan,NN,4
sewer,7385,sewer,sewer,NN,4
fish,981,fish,fish,NN,4
scotland,1142,scotland,scotland,NN,4
afterlife,3543,afterlife,afterlif,NN,4
navy,1742,navy,navi,NN,4
homosexuality,4823,homosexuality,homosexu,NN,4
afghanistan,4158,afghanistan,afghanistan,NN,4
philadelphia,438,philadelphia,philadelphia,NN,4
camera,610,camera,camera,NN,4
isolation,1818,isolation,isol,NN,4
mask,2781,mask,mask,NN,4
marijuana,847,marijuana,marijuana,NN,4
bus,338,bus,bu,NN,4
prostitution,363,prostitution,prostitut,NN,4
mass,1766,mass,mass,NN,4
patient,798,patient,patient,NN,4
little,4378,little,littl,JJ,4
buddy,1319,buddy,buddi,NN,4
britain,5144,britain,britain,NN,4
bridge,2797,bridge,bridg,NN,4
break,9265,breaking,break,VB,4
bravery,1932,bravery,braveri,NN,4
brain,471,brain,brain,NN,4
painter,1948,painter,painter,NN,4
relation,4149,relation,relat,NN,4
competition,6142,competition,competit,NN,4
boston,3665,boston,boston,NN,4
manhattan,3033,manhattan,manhattan,NN,4
cold,2905,cold,cold,NN,4
trip,339,trip,trip,NN,4
manga,8969,manga,manga,NN,4
beating,4796,beating,beat,NN,4
toy,626,toy,toy,NN,4
chicago,1066,chicago,chicago,NN,4
olympic,3094,olympic,olymp,NN,4
interracial,578,interracial,interraci,JJ,4
transformer,4020,transformers,transform,NN,4
celebrity,7019,celebrity,celebr,NN,4
catholicism,3449,catholicism,catholic,NN,4
catholic,4548,catholic,cathol,NN,4
lifeform,4,lifeform,lifeform,NN,4
prophecy,273,prophecy,propheci,NN,4
rivalry,2750,rivalry,rivalri,NN,4
organize,180,organized,organ,VB,4
classroom,1765,classroom,classroom,NN,4
iran,6429,iran,iran,NN,4
retirement,5114,retirement,retir,NN,4
caper,884,caper,caper,NN,4
triangle,1007,triangle,triangl,NN,4
wood,3570,woods,wood,NN,4
irish,3345,irish,irish,JJ,4
passport,1246,passport,passport,NN,4
theft,234,theft,theft,NN,4
paranoia,4712,paranoia,paranoia,NN,4
judge,3836,judge,judg,NN,4
master,2760,master,master,NN,4
battlefield,126,battlefield,battlefield,NN,4
illinois,1067,illinois,illinoi,NN,4
telepathy,453,telepathy,telepathi,NN,4
kingdom,3550,kingdom,kingdom,NN,4
north,1052,north,north,NN,4
teller,1859,teller,teller,NN,4
concert,321,concert,concert,NN,4
ice,2193,ice,ice,NN,4
blonde,615,blonde,blond,NN,4
unsociability,361,unsociability,unsoci,NN,4
university,917,university,univers,NN,4
freedom,2400,freedom,freedom,NN,3
investigator,5239,investigator,investig,NN,3
investment,6300,investment,invest,NN,3
french,428,french,french,JJ,3
stand,4146,stand,stand,NN,3
empire,121,empire,empir,NN,3
mexican,778,mexican,mexican,JJ,3
entrepreneur,6103,entrepreneur,entrepreneur,NN,3
emperor,122,emperor,emperor,NN,3
free,3734,free,free,JJ,3
motorcycle,3596,motorcycle,motorcycl,NN,3
miami,1706,miami,miami,NN,3
career,2458,career,career,NN,3
selfdiscovery,1503,selfdiscovery,selfdiscoveri,NN,3
parallel,828,parallel,parallel,NN,3
vacation,8445,vacation,vacat,NN,3
capitalism,2650,capitalism,capit,NN,3
spin,5183,spin,spin,NN,3
poetry,5797,poetry,poetri,NN,3
captive,3788,captive,captiv,NN,3
trial,4279,trial,trial,NN,3
guilt,1220,guilt,guilt,NN,3
show,2284,show,show,NN,3
write,2431,writing,write,VB,3
spoof,2294,spoof,spoof,NN,3
ira,3350,ira,ira,NN,3
red,507,red,red,JJ,3
asia,1837,asia,asia,NN,3
standoff,1158,standoff,standoff,NN,3
loop,6473,loop,loop,NN,3
womanizer,454,womanizer,woman,NN,3
penguin,4329,penguin,penguin,NN,3
gas,3276,gas,ga,NN,3
lose,337,lost,lost,VB,3
parody,4333,parody,parodi,NN,3
musician,2247,musician,musician,NN,3
dysfunctional,931,dysfunctional,dysfunct,NN,3
dynasty,2173,dynasty,dynasti,NN,3
heart,1071,heart,heart,NN,3
casual,6254,casual,casual,JJ,3
trainer,2578,trainer,trainer,NN,3
sheriff,857,sheriff,sheriff,NN,3
refugee,2032,refugee,refuge,NN,3
online,4723,online,onlin,NN,3
stress,3943,stress,stress,NN,3
korean,9085,korean,korean,NN,3
presidential,6861,presidential,presidenti,JJ,3
wilderness,1143,wilderness,wilder,NN,3
interview,543,interview,interview,NN,3
loneliness,1469,loneliness,loneli,NN,3
editor,5273,editor,editor,NN,3
editorinchief,3482,editorinchief,editorinchief,NN,3
education,1822,education,educ,NN,3
hang,3938,hanging,hang,VB,3
plant,1226,planted,plant,VB,3
stereotype,577,stereotype,stereotyp,NN,3
wild,6756,wild,wild,NN,3
election,4816,election,elect,NN,3
lust,2991,lust,lust,NN,3
paranormal,97,paranormal,paranorm,NN,3
hallucination,540,hallucination,hallucin,NN,3
general,206,general,gener,JJ,3
aspire,340,aspiring,aspir,VB,3
speed,359,speed,speed,NN,3
trojan,2141,trojan,trojan,NN,3
eve,4468,eve,eve,NN,3
uncle,954,uncle,uncl,NN,3
predator,2377,predator,predat,NN,3
foreign,1506,foreign,foreign,JJ,3
bully,2002,bully,bulli,RB,3
manager,992,manager,manag,NN,3
reporter,3722,reporter,report,NN,3
brother,176,brother,brother,NN,3
jersey,4729,jersey,jersey,NN,3
manwoman,4148,manwoman,manwoman,NN,3
precognition,1282,precognition,precognit,NN,3
series,2865,series,seri,NN,3
footage,5500,footage,footag,NN,3
bride,1841,bride,bride,NN,3
long,17,long,long,RB,3
golf,2483,golf,golf,NN,3
sign,1701,sign,sign,NN,3
political,5976,political,polit,JJ,3
pandemic,6891,pandemic,pandem,NN,3
gold,1678,gold,gold,NN,3
painting,1954,painting,paint,NN,3
ambush,1409,ambush,ambush,NN,3
zoo,744,zoo,zoo,NN,3
gettysburg,1516,gettysburg,gettysburg,NN,3
bos,1114,boss,boss,NN,3
ghetto,1355,ghetto,ghetto,NN,3
border,4208,border,border,NN,3
gnosticism,1653,gnosticism,gnostic,NN,3
skeleton,1729,skeleton,skeleton,NN,3
palace,4115,palace,palac,NN,3
underworld,1838,underworld,underworld,NN,3
unemployment,1470,unemployment,unemploy,NN,3
truth,1646,truth,truth,NN,3
false,4039,false,fals,JJ,3
blue,677,blues,blue,NN,3
soulmates,783,soulmates,soulmat,NN,3
fourth,9266,fourth,fourth,JJ,3
special,1094,special,special,JJ,3
prayer,1664,prayer,prayer,NN,3
midlife,1791,midlife,midlif,NN,3
excop,1596,excop,excop,NN,3
senate,119,senate,senat,NN,3
langley,1267,langley,langley,NN,3
exlover,150,exlover,exlov,NN,3
canada,7434,canada,canada,NN,3
senator,6340,senator,senat,NN,3
vatican,3383,vatican,vatican,JJ,3
expedition,4440,expedition,expedit,NN,3
morgue,4243,morgue,morgu,NN,3
bible,2122,bible,bibl,JJ,3
found,5499,found,found,NN,3
falklands,3631,falklands,falkland,NN,3
explosive,898,explosives,explos,NN,3
soul,5650,soul,soul,NN,3
fortune,1858,fortune,fortun,NN,3
sorcerer,5872,sorcerer,sorcer,NN,3
sonys,1130,sonys,soni,NN,3
grave,863,grave,grave,NN,3
drunk,2469,drunk,drunk,NN,3
patriotism,207,patriotism,patriot,NN,3
sense,533,sense,sens,NN,3
austria,1676,austria,austria,NN,3
wuxia,239,wuxia,wuxia,NN,3
ladykiller,2023,ladykiller,ladykil,NN,3
boarding,2057,boarding,board,NN,3
warp,2952,warp,warp,NN,3
mutation,5485,mutation,mutat,NN,3
celebration,3237,celebration,celebr,NN,3
married,2609,married,marri,JJ,3
yakuza,1839,yakuza,yakuza,NN,3
hologram,1088,hologram,hologram,NN,3
deportation,1311,deportation,deport,NN,3
medical,5064,medical,medic,JJ,3
homeland,1354,homeland,homeland,NN,3
trading,1725,trading,trade,NN,3
magazine,3485,magazine,magazin,NN,3
object,3698,object,object,NN,3
survivor,2768,survivor,survivor,NN,3
banker,3732,banker,banker,NN,3
racist,4847,racist,racist,NN,3
deception,5019,deception,decept,NN,3
homicide,1208,homicide,homicid,NN,3
personal,676,personal,person,JJ,3
beast,3458,beast,beast,NN,3
deal,1498,deal,deal,NN,3
thailand,2527,thailand,thailand,NN,3
collar,68,collar,collar,NN,3
hollywood,1700,hollywood,hollywood,NN,3
clash,1790,clash,clash,NN,3
band,3236,band,band,NN,3
disabled,735,disabled,disabl,JJ,3
timeline,405,timeline,timelin,NN,3
dinosaur,649,dinosaur,dinosaur,NN,3
climb,2996,climbing,climb,VB,3
road,330,road,road,NN,3
clock,5124,clock,clock,NN,3
wolf,3358,wolf,wolf,NN,3
hiv,3022,hiv,hiv,NN,3
hole,4331,hole,hole,NN,3
dictator,2901,dictator,dictat,NN,3
diary,2051,diary,diari,JJ,3
medication,799,medication,medic,NN,3
occult,2090,occult,occult,NN,3
luck,3230,luck,luck,NN,3
threat,4928,threat,threat,NN,3
pink,630,pink,pink,NN,3
venice,468,venice,venic,NN,3
personality,1458,personality,person,NN,3
bear,3718,bear,bear,NN,3
control,2000,control,control,NN,3
alzheimers,6425,alzheimers,alzheim,NN,3
iceland,4624,iceland,iceland,NN,3
punishment,871,punishment,punish,NN,3
humiliation,3075,humiliation,humili,NN,3
taliban,4163,taliban,taliban,NN,3
tang,2172,tang,tang,NN,3
telekinesis,7173,telekinesis,telekinesi,NN,3
rebellion,1178,rebellion,rebellion,NN,3
test,2597,test,test,NN,3
coverup,2083,coverup,coverup,NN,3
convict,1604,convict,convict,NN,3
courage,6724,courage,courag,NN,3
phenomenon,105,phenomenon,phenomenon,NN,3
wrestling,4735,wrestling,wrestl,NN,3
northern,4543,northern,northern,JJ,3
nonlinear,404,nonlinear,nonlinear,JJ,3
russian,765,russian,russian,JJ,3
kiss,977,kiss,kiss,NN,3
concentration,4448,concentration,concentr,NN,3
maya,3687,maya,maya,NN,3
honor,1934,honor,honor,NN,3
safe,1102,safe,safe,JJ,3
mayor,4812,mayor,mayor,NN,3
veteran,1494,veteran,veteran,NN,3
alcoholism,4612,alcoholism,alcohol,NN,3
sweden,4338,sweden,sweden,NN,3
sadist,2439,sadist,sadist,NN,3
ape,699,ape,ape,NN,3
apartment,3883,apartment,apart,NN,3
cyberpunk,1650,cyberpunk,cyberpunk,NN,3
rebel,199,rebel,rebel,NN,3
swordplay,1490,swordplay,swordplay,NN,3
hostility,1021,hostility,hostil,NN,3
lesbian,9341,lesbian,lesbian,JJ,3
curse,3878,curse,curs,NN,3
cleaning,4298,cleaning,clean,NN,3
demonic,5497,demonic,demon,JJ,3
katana,1495,katana,katana,NN,3
circus,1967,circus,circu,NN,3
insanity,347,insanity,insan,NN,3
mystery,1612,mystery,mysteri,NN,3
riddle,2472,riddle,riddl,NN,3
oil,4262,oil,oil,NN,3
rise,861,rose,rose,VB,3
animate,1845,animated,anim,VB,3
intellectual,2975,intellectual,intellectu,JJ,3
doll,3882,doll,doll,NN,3
ring,963,ring,ring,NN,3
documentary,6206,documentary,documentari,NN,3
subway,1679,subway,subway,NN,3
insurgence,209,insurgence,insurg,NN,3
aid,3020,aids,aid,NN,3
dna,640,dna,dna,NN,3
plague,2816,plague,plagu,NN,3
nanny,2648,nanny,nanni,NN,3
volcano,951,volcano,volcano,NN,3
rag,2512,rags,rag,NN,3
pittsburgh,5733,pittsburgh,pittsburgh,NN,3
realism,2322,realism,realism,NN,3
mythological,3576,mythological,mytholog,JJ,3
disguise,3420,disguise,disguis,NN,3
rich,2513,riches,rich,NN,3
doomsday,2217,doomsday,doomsday,NN,3
onenight,4145,onenight,onenight,NN,3
wire,555,wire,wire,NN,2
scandal,2652,scandal,scandal,NN,2
air,483,air,air,NN,2
mermaid,1983,mermaid,mermaid,NN,2
proposal,2229,proposal,propos,NN,2
getaway,4975,getaway,getaway,NN,2
journal,3476,journal,journal,NN,2
hat,6339,hat,hat,NN,2
german,5025,german,german,JJ,2
western,4221,western,western,JJ,2
harvard,69,harvard,harvard,NN,2
hard,3409,hard,hard,JJ,2
wound,1015,wound,wound,NN,2
rwandan,2036,rwandan,rwandan,NN,2
whale,1555,whale,whale,NN,2
hatred,2726,hatred,hatr,VB,2
minnesota,5508,minnesota,minnesota,NN,2
ride,2508,ride,ride,NN,2
imaginary,816,imaginary,imaginari,JJ,2
goblin,1126,goblin,goblin,NN,2
anxiety,7564,anxiety,anxieti,NN,2
ambition,4179,ambition,ambit,NN,2
john,1230,john,john,NN,2
rooftop,3269,rooftop,rooftop,NN,2
gnome,7796,gnomes,gnome,NN,2
girlfriend,1770,girlfriend,girlfriend,NN,2
argentina,5420,argentina,argentina,NN,2
illusion,7876,illusion,illus,NN,2
reverse,410,reverse,revers,NN,2
sadism,4635,sadism,sadism,NN,2
insurance,388,insurance,insur,NN,2
antarctica,2213,antarctica,antarctica,NN,2
scout,7321,scouts,scout,NN,2
head,5288,head,head,NN,2
sheep,5602,sheep,sheep,NN,2
international,558,international,intern,JJ,2
genetic,5537,genetic,genet,JJ,2
mathematician,911,mathematician,mathematician,NN,2
mathematics,924,mathematics,mathemat,NN,2
malibu,4478,malibu,malibu,NN,2
aquarium,4144,aquarium,aquarium,NN,2
lab,3267,lab,lab,NN,2
jury,1531,jury,juri,NN,2
justice,2109,justice,justic,NN,2
prodigy,928,prodigy,prodigi,NN,2
poverty,5665,poverty,poverti,NN,2
xenomorph,2385,xenomorph,xenomorph,NN,2
kraken,3509,kraken,kraken,VB,2
garden,862,garden,garden,NN,2
witness,343,witness,wit,NN,2
rice,4941,rice,rice,NN,2
witchcraft,3004,witchcraft,witchcraft,NN,2
malaysia,8894,malaysia,malaysia,NN,2
hunger,1349,hunger,hunger,NN,2
problem,2071,problems,problem,NN,2
reboot,5215,reboot,reboot,NN,2
genocide,2037,genocide,genocid,NN,2
matter,4522,matter,matter,NN,2
shadow,3915,shadow,shadow,NN,2
gambler,3224,gambler,gambler,NN,2
mirror,5531,mirror,mirror,NN,2
royalty,1935,royalty,royalti,NN,2
interpol,2912,interpol,interpol,NN,2
share,5960,shared,share,VB,2
misanthrophy,4261,misanthrophy,misanthrophi,NN,2
xenophobia,582,xenophobia,xenophobia,NN,2
genetics,2812,genetics,genet,NN,2
mentally,734,mentally,mental,RB,2
jungle,4658,jungle,jungl,NN,2
hypnosis,792,hypnosis,hypnosi,NN,2
internet,26,internet,internet,NN,2
archaeological,4439,archaeological,archaeolog,JJ,2
antisemitism,3717,antisemitism,antisemit,NN,2
ruin,4438,ruins,ruin,NN,2
heartbreak,2076,heartbreak,heartbreak,NN,2
golden,2557,golden,golden,JJ,2
innocence,336,innocence,innoc,NN,2
meeting,6255,meeting,meet,NN,2
riot,6884,riots,riot,NN,2
holdup,3069,holdup,holdup,NN,2
individuality,406,individuality,individu,NN,2
grieve,9568,grieving,griev,VB,2
individual,729,individual,individu,JJ,2
grief,9299,grief,grief,NN,2
grenade,1146,grenade,grenad,NN,2
prejudice,2927,prejudice,prejudic,NN,2
rodeo,3709,rodeo,rodeo,NN,2
indian,2555,indian,indian,JJ,2
angel,854,angel,angel,NN,2
winter,3047,winter,winter,NN,2
greek,5748,greek,greek,NN,2
hair,753,hair,hair,NN,2
word,6664,word,word,NN,2
wing,4952,wing,wing,VB,2
restaurant,2244,restaurant,restaur,NN,2
samurai,1492,samurai,samurai,NN,2
meteor,3368,meteor,meteor,NN,2
irishamerican,1423,irishamerican,irishamerican,JJ,2
hades,5746,hades,hade,NN,2
good,1179,good,good,JJ,2
injury,2470,injury,injuri,NN,2
reunion,4358,reunion,reunion,NN,2
alternate,5211,alternate,altern,NN,2
medicine,6257,medicine,medicin,NN,2
guerrilla,3334,guerrilla,guerrilla,NN,2
guardian,6123,guardian,guardian,NN,2
santa,2489,santa,santa,NN,2
invulnerability,449,invulnerability,invulner,NN,2
invisible,255,invisible,invis,JJ,2
prince,6317,prince,princ,NN,2
investigative,5173,investigative,investig,JJ,2
gym,4719,gym,gym,NN,2
michigan,835,michigan,michigan,NN,2
prehistoric,4625,prehistoric,prehistor,NN,2
invisibility,2801,invisibility,invis,NN,2
infection,6604,infection,infect,NN,2
industry,3250,industry,industri,NN,2
sandstorm,7052,sandstorm,sandstorm,NN,2
retire,7372,retired,retir,VB,2
independence,3338,independence,independ,NN,2
premonition,3173,premonition,premonit,NN,2
holy,2623,holy,holi,NN,2
many,2343,many,mani,JJ,2
rifle,3221,rifle,rifl,NN,2
search,7309,search,search,NN,2
republican,3352,republican,republican,JJ,2
immortality,4864,immortality,immort,NN,2
hiding,3572,hiding,hide,NN,2
worker,3769,worker,worker,NN,2
jedi,1168,jedi,jedi,NN,2
hangover,5284,hangover,hangov,NN,2
knife,1392,knife,knife,NN,2
madrid,4030,madrid,madrid,NN,2
hurricane,2189,hurricane,hurrican,NN,2
wine,2484,wine,wine,NN,2
romulans,1419,romulans,romulan,NN,2
hitandrun,4551,hitandrun,hitandrun,NN,2
meet,2135,meet,meet,NN,2
hoodlum,2867,hoodlum,hoodlum,NN,2
mansion,3879,mansion,mansion,NN,2
hope,7875,hope,hope,NN,2
anarchic,353,anarchic,anarch,JJ,2
millionaire,416,millionaire,millionair,NN,2
season,1830,season,season,NN,2
architecture,5897,architecture,architectur,NN,2
realtor,3679,realtor,realtor,NN,2
graphic,6609,graphic,graphic,JJ,2
role,2104,role,role,NN,2
saucer,1315,saucer,saucer,NN,2
responsibility,1128,responsibility,respons,NN,2
african,2043,african,african,JJ,2
roll,306,roll,roll,NN,2
salesman,389,salesman,salesman,NN,2
intrigue,4116,intrigue,intrigu,NN,2
work,3771,work,work,NN,2
intolerance,2875,intolerance,intoler,NN,2
masked,3202,masked,mask,NN,2
seoul,7408,seoul,seoul,NN,2
militia,2035,militia,militia,NN,2
magical,3697,magical,magic,JJ,2
mar,11,mars,mar,NN,2
widow,3795,widow,widow,NN,2
jew,1357,jew,jew,NN,2
sparta,2161,sparta,sparta,NN,2
gamble,286,gambling,gambl,VB,2
third,2203,third,third,JJ,2
theory,915,theory,theori,NN,2
coffin,5676,coffin,coffin,NN,2
zealand,1549,zealand,zealand,NN,2
persecution,1358,persecution,persecut,NN,2
college,8468,college,colleg,NN,2
perseus,5756,perseus,perseu,NN,2
colonialism,3355,colonialism,coloni,NN,2
colony,5627,colony,coloni,NN,2
theater,3137,theater,theater,NN,2
oakland,6823,oakland,oakland,NN,2
columnist,5002,columnist,columnist,NN,2
coma,1833,coma,coma,NN,2
beaten,6621,beaten,beaten,NN,2
comedian,6325,comedian,comedian,NN,2
ventriloquist,3874,ventriloquist,ventriloquist,NN,2
commercial,1510,commercial,commerci,JJ,2
territory,2712,territory,territori,NN,2
terminal,497,terminal,termin,NN,2
term,2028,term,term,NN,2
therapist,261,therapist,therapist,NN,2
thunderstorm,1605,thunderstorm,thunderstorm,NN,2
nun,5386,nun,nun,NN,2
tiger,231,tiger,tiger,NN,2
choir,2050,choir,choir,NN,2
chosen,3005,chosen,chosen,NN,2
performance,815,performance,perform,NN,2
christianity,1654,christianity,christian,NN,2
peril,3803,peril,peril,NN,2
tomb,3448,tomb,tomb,NN,2
vengeance,7936,vengeance,vengeanc,NN,2
period,2929,period,period,NN,2
library,2181,library,librari,NN,2
cinema,5425,cinema,cinema,NN,2
tokyo,1397,tokyo,tokyo,NN,2
ocean,1538,ocean,ocean,NN,2
vengeful,3204,vengeful,veng,NN,2
climate,2183,climate,climat,NN,2
beauty,617,beauty,beauti,NN,2
occupation,5441,occupation,occup,NN,2
beautiful,6284,beautiful,beauti,NN,2
closet,2880,closet,closet,NN,2
clouseau,3185,clouseau,clouseau,NN,2
veterinarian,2024,veterinarian,veterinarian,JJ,2
number,2478,numbers,number,NN,2
neon,7926,neon,neon,NN,2
covert,6352,covert,covert,NN,2
cowardliness,4073,cowardliness,cowardli,NN,2
creature,4628,creature,creatur,NN,2
videotape,2977,videotape,videotap,NN,2
take,18,take,take,VB,2
crush,2861,crush,crush,NN,2
actress,7695,actress,actress,NN,2
vienna,9100,vienna,vienna,NN,2
neurosurgeon,9877,neurosurgeon,neurosurgeon,NN,2
lovesickness,1659,lovesickness,lovesick,NN,2
symbolism,1324,symbolism,symbol,NN,2
custody,1003,custody,custodi,NN,2
racial,6718,racial,racial,JJ,2
vietnam,4196,vietnam,vietnam,NN,2
cycle,1823,cycle,cycl,NN,2
swing,5153,swinging,swing,VB,2
legal,1536,legal,legal,JJ,2
daily,8463,daily,daili,JJ,2
gallery,5374,gallery,galleri,NN,2
dancer,6143,dancer,dancer,NN,2
tape,8063,tape,tape,NN,2
taskmaster,229,taskmaster,taskmast,NN,2
tennessee,3786,tennessee,tennesse,NN,2
courtroom,6455,courtroom,courtroom,NN,2
confidence,2969,confidence,confid,NN,2
petrol,4259,petrol,petrol,NN,2
temple,1814,temple,templ,NN,2
novelist,3619,novelist,novelist,NN,2
congress,2592,congress,congress,NN,2
activist,3206,activist,activist,NN,2
connecticut,4770,connecticut,connecticut,NN,2
teleportation,5194,teleportation,teleport,NN,2
contact,22,contact,contact,NN,2
contract,7588,contract,contract,NN,2
tehran,6428,tehran,tehran,NN,2
teheran,6427,teheran,teheran,NN,2
bathtub,7631,bathtub,bathtub,NN,2
victorian,5687,victorian,victorian,JJ,2
norse,6514,norse,nors,NN,2
teach,4408,teaching,teach,VB,2
philippine,1393,philippines,philippin,NN,2
course,3712,course,cours,NN,2
courthouse,6354,courthouse,courthous,NN,2
people,2496,people,peopl,NN,2
pentagram,3447,pentagram,pentagram,NN,2
tourist,4431,tourist,tourist,NN,2
bowling,4267,bowling,bowl,NN,2
ultimatum,3309,ultimatum,ultimatum,NN,2
breakup,4487,breakup,breakup,NN,2
ufo,4380,ufo,ufo,NN,2
quantum,5233,quantum,quantum,NN,2
briefcase,6318,briefcase,briefcas,NN,2
van,3280,van,van,NN,2
broken,7062,broken,broken,NN,2
pacifism,1016,pacifism,pacif,NN,2
twist,831,twist,twist,NN,2
pacific,7974,pacific,pacif,NN,2
turtle,8569,turtle,turtl,NN,2
pastor,4253,pastor,pastor,NN,2
patch,6234,patch,patch,NN,2
brutal,3579,brutal,brutal,NN,2
bigotry,1582,bigotry,bigotri,NN,2
buddhism,1805,buddhism,buddhism,NN,2
overweight,571,overweight,overweight,NN,2
bullying,4341,bullying,bulli,NN,2
overdose,315,overdose,overdos,NN,2
boyfriend,5275,boyfriend,boyfriend,NN,2
bounty,5737,bounty,bounti,NN,2
tournament,3012,tournament,tournament,NN,2
biological,1086,biological,biolog,JJ,2
parentsinlaw,2607,parentsinlaw,parentsinlaw,NN,2
parenthood,6118,parenthood,parenthood,NN,2
zookeeper,6645,zookeeper,zookeep,NN,2
urban,3876,urban,urban,JJ,2
bleak,4982,bleak,bleak,NN,2
blizzard,960,blizzard,blizzard,NN,2
block,495,block,block,NN,2
paragliding,650,paragliding,paraglid,VB,2
lock,187,lock,lock,NN,2
panther,3187,panther,panther,NN,2
bodyguard,2123,bodyguard,bodyguard,NN,2
partner,5417,partner,partner,NN,2
union,5112,union,union,NN,2
bomber,5796,bomber,bomber,NN,2
unhappiness,4974,unhappiness,unhappi,NN,2
bond,2657,bonds,bond,NN,2
booby,2446,booby,boobi,NN,2
passion,208,passion,passion,NN,2
underdog,4169,underdog,underdog,NN,2
literature,1138,literature,literatur,NN,2
lord,6633,lord,lord,NN,2
trust,4871,trust,trust,NN,2
burn,3171,burned,burn,VB,2
transporter,900,transporter,transport,NN,2
orderly,368,orderly,orderli,RB,2
castle,950,castle,castl,NN,2
oppression,3161,oppression,oppress,NN,2
peer,3138,peer,peer,NN,2
cave,1445,cave,cave,NN,2
bell,6205,bells,bell,NN,2
cemetery,8450,cemetery,cemeteri,NN,2
vault,3321,vault,vault,NN,2
penalty,1824,penalty,penalti,NN,2
abusive,8484,abusive,abus,JJ,2
chamber,4453,chamber,chamber,NN,2
champion,5819,champion,champion,NN,2
train,443,train,train,NN,2
tragedy,2573,tragedy,tragedi,NN,2
tradition,1541,tradition,tradit,NN,2
belfast,4545,belfast,belfast,NN,2
track,7421,tracking,track,VB,2
omen,40,omen,omen,NN,2
transsexual,8874,transsexual,transsexu,JJ,2
case,1527,case,case,NN,2
oregon,1769,oregon,oregon,NN,2
lion,3050,lion,lion,NN,2
bury,6070,buried,buri,VB,2
vandalism,1754,vandalism,vandal,NN,2
butcher,1431,butcher,butcher,NN,2
outcast,670,outcast,outcast,NN,2
cage,2766,cage,cage,NN,2
patrol,5948,patrol,patrol,NN,2
troy,2164,troy,troy,NN,2
outage,4925,outage,outag,NN,2
trick,6860,tricks,trick,NN,2
belle,522,belle,bell,NN,2
peace,1019,peace,peac,NN,2
captain,3496,captain,captain,NN,2
zeus,5750,zeus,zeu,NN,2
card,896,card,card,NN,2
origin,6613,origin,origin,NN,2
organization,4590,organization,organ,NN,2
traumatic,7450,traumatic,traumat,JJ,2
carolina,212,carolina,carolina,NN,2
leg,4586,legs,leg,NN,2
dallas,8154,dallas,dalla,NN,2
darkness,0,darkness,dark,NN,2
poker,755,poker,poker,NN,2
autocracy,4417,autocracy,autocraci,NN,2
existentialism,6634,existentialism,existenti,NN,2
soviet,5111,soviet,soviet,JJ,2
land,724,land,land,NN,2
expert,899,expert,expert,NN,2
explode,2341,exploding,explod,VB,2
extraterrestrial,4381,extraterrestrial,extraterrestri,JJ,2
extreme,2450,extreme,extrem,NN,2
exwife,5740,exwife,exwif,NN,2
eye,6233,eye,eye,NN,2
morality,4826,morality,moral,NN,2
warrior,5858,warrior,warrior,NN,2
fame,4739,fame,fame,NN,2
wartime,3578,wartime,wartim,NN,2
soccer,3183,soccer,soccer,NN,2
fantastic,2798,fantastic,fantast,JJ,2
montmartre,10240,montmartre,montmartr,NN,2
fascism,3192,fascism,fascism,NN,2
fear,6538,fear,fear,NN,2
poky,1120,pokies,poki,NN,2
excon,554,excon,excon,NN,2
slum,2828,slum,slum,NN,2
alive,3172,alive,aliv,JJ,2
pickpocket,880,pickpocket,pickpocket,NN,2
encounter,1341,encounter,encount,NN,2
end,4917,end,end,NN,2
laser,1161,laser,laser,NN,2
laptop,7420,laptop,laptop,NN,2
mouse,738,mouse,mous,NN,2
english,1921,english,english,JJ,2
mourn,7719,mourning,mourn,VB,2
stag,2485,stag,stag,NN,2
stadium,5651,stadium,stadium,NN,2
epic,2147,epic,epic,NN,2
poet,346,poet,poet,NN,2
era,2938,era,era,NN,2
split,1457,split,split,NN,2
splatter,3798,splatter,splatter,NN,2
autopsy,9915,autopsy,autopsi,NN,2
estate,6746,estate,estat,NN,2
euthanasia,2406,euthanasia,euthanasia,NN,2
evacuation,2206,evacuation,evacu,NN,2
park,293,park,park,NN,2
lady,4299,lady,ladi,NN,2
rain,1592,rain,rain,NN,2
pornography,3638,pornography,pornographi,NN,2
food,2243,food,food,NN,2
forbidden,4606,forbidden,forbidden,NN,2
mobster,3673,mobster,mobster,NN,2
portland,1768,portland,portland,NN,2
forgiveness,926,forgiveness,forgiv,NN,2
wealthy,8008,wealthy,wealthi,NN,2
shyness,832,shyness,shyness,NN,2
showdown,2720,showdown,showdown,NN,2
shotgun,2435,shotgun,shotgun,NN,2
mistake,3213,mistake,mistak,NN,2
missouri,4069,missouri,missouri,NN,2
shop,991,shop,shop,NN,2
mississippi,280,mississippi,mississippi,NN,2
arrow,5843,arrow,arrow,NN,2
missionary,4315,missionary,missionari,JJ,2
shipwreck,3927,shipwreck,shipwreck,NN,2
galapagos,1918,galapagos,galapago,NN,2
yang,1884,yang,yang,NN,2
madness,3292,madness,mad,NN,2
silent,709,silent,silent,NN,2
simulation,6163,simulation,simul,NN,2
fiction,130,fiction,fiction,NN,2
mockumentary,3721,mockumentary,mockumentari,NN,2
fictitious,5263,fictitious,fictiti,JJ,2
slaughter,1517,slaughter,slaughter,NN,2
ranger,1571,ranger,ranger,NN,2
finance,6594,finances,financ,NN,2
poltergeist,7627,poltergeist,poltergeist,NN,2
finland,1023,finland,finland,NN,2
firearm,1317,firearm,firearm,NN,2
mole,3674,mole,mole,NN,2
firework,949,fireworks,firework,NN,2
skate,10055,skating,skate,VB,2
fishing,1265,fishing,fish,NN,2
fistfight,2081,fistfight,fistfight,NN,2
modern,1553,modern,modern,JJ,2
athlete,8862,athlete,athlet,NN,2
atheist,5345,atheist,atheist,NN,2
pop,1795,pop,pop,NN,2
asylum,427,asylum,asylum,NN,2
singer,2246,singer,singer,NN,2
porn,6923,porn,porn,NN,2
emergency,3606,emergency,emerg,NN,2
emotional,7565,emotional,emot,JJ,2
door,998,door,door,NN,2
suitcase,3413,suitcase,suitcas,NN,2
dialogue,5942,dialogue,dialogu,NN,2
bandit,6218,bandit,bandit,NN,2
diego,310,diego,diego,NN,2
dig,7340,dig,dig,NN,2
alp,9004,alps,alp,NN,2
lead,5004,lead,lead,NN,2
disability,6848,disability,disabl,NN,2
discrimination,1583,discrimination,discrimin,NN,2
narration,2087,narration,narrat,NN,2
dismemberment,20,dismemberment,dismember,NN,2
downsize,5475,downsizing,downsiz,VB,2
narcissism,4266,narcissism,narciss,NN,2
pizza,993,pizza,pizza,NN,2
place,1617,place,place,NN,2
voice,74,voice,voic,NN,2
subconscious,272,subconscious,subconsci,JJ,2
domestic,8474,domestic,domest,JJ,2
domination,6665,domination,domin,NN,2
addict,5798,addicted,addict,VB,2
elevator,5299,elevator,elev,NN,2
natural,3689,natural,natur,JJ,2
learn,989,learning,learn,VB,2
suppress,535,suppressed,suppress,VB,2
destiny,788,destiny,destini,NN,2
day,6266,day,day,NN,2
daydream,8213,daydream,daydream,NN,2
swastika,5439,swastika,swastika,NN,2
deaf,6844,deaf,deaf,NN,2
deafmute,4254,deafmute,deafmut,NN,2
violin,4584,violin,violin,NN,2
swap,3760,swapping,swap,VB,2
deja,2020,deja,deja,NN,2
delinquent,8040,delinquent,delinqu,NN,2
pig,296,pig,pig,NN,2
public,4354,public,public,NN,2
surreal,541,surreal,surreal,NN,2
denial,851,denial,denial,NN,2
denmark,8866,denmark,denmark,NN,2
dentist,4153,dentist,dentist,NN,2
pill,6395,pill,pill,NN,2
depression,6186,depression,depress,NN,2
adapt,526,adapted,adapt,VB,2
desire,4493,desire,desir,NN,2
double,1688,double,doubl,RB,2
baby,2829,baby,babi,NN,2
mysterious,3246,mysterious,mysteri,JJ,2
alter,110,altering,alter,VB,2
mustache,2286,mustache,mustach,NN,2
muslim,5784,muslim,muslim,NN,2
early,521,early,earli,RB,2
adolf,5447,adolf,adolf,NN,2
earthquake,5540,earthquake,earthquak,NN,2
eastern,2251,eastern,eastern,JJ,2
eccentric,5347,eccentric,eccentr,JJ,2
store,7283,store,store,NN,2
adopt,4271,adopted,adopt,VB,2
stockholm,7105,stockholm,stockholm,NN,2
stockbroker,3778,stockbroker,stockbrok,NN,2
edwardian,8697,edwardian,edwardian,JJ,2
stewardess,314,stewardess,stewardess,NN,2
egg,2552,egg,egg,NN,2
plantation,7823,plantation,plantat,NN,2
puberty,2964,puberty,puberti,NN,2
elderly,5527,elderly,elderli,RB,2
plastic,4713,plastic,plastic,NN,2
waitress,382,waitress,waitress,NN,2
mutiny,6566,mutiny,mutini,NN,2
strand,1597,stranded,strand,VB,2
stranger,3247,stranger,stranger,NN,2
volleyball,377,volleyball,volleybal,NN,2
drown,259,drowning,drown,VB,2
drummer,8661,drummer,drummer,NN,2
strip,881,strip,strip,NN,2
vomit,6806,vomit,vomit,NN,2
drop,2192,drop,drop,NN,2
dress,5061,dress,dress,NN,2
adolescence,1109,adolescence,adolesc,NN,2
dubai,4793,dubai,dubai,NN,2
strength,2800,strength,strength,NN,2
duct,8062,duct,duct,NN,2
duel,158,duel,duel,NN,2
duke,492,duke,duke,NN,2
strategy,1515,strategy,strategi,NN,2
punk,7101,punk,punk,NN,1
puppet,3916,puppet,puppet,NN,1
publisher,3620,publisher,publish,NN,1
wyoming,2874,wyoming,wyom,VB,1
puppy,4998,puppy,puppi,JJ,1
psychologist,6903,psychologist,psychologist,NN,1
puke,6816,puke,puke,NN,1
psychology,9262,psychology,psycholog,NN,1
psychic,5495,psychic,psychic,JJ,1
psycho,9956,psycho,psycho,NN,1
pterodactyl,651,pterodactyl,pterodactyl,NN,1
uzi,7657,uzi,uzi,NN,1
psyche,467,psyche,psych,NN,1
yorkshire,5788,yorkshire,yorkshir,NN,1
philosophical,8936,philosophical,philosoph,JJ,1
phobia,2591,phobia,phobia,NN,1
photograph,8214,photograph,photograph,NN,1
physical,8082,physical,physic,JJ,1
physician,4428,physician,physician,NN,1
physicist,8787,physicist,physicist,NN,1
pianist,1371,pianist,pianist,NN,1
piano,7366,piano,piano,NN,1
pick,188,pick,pick,NN,1
picture,5067,picture,pictur,NN,1
pharmacy,3602,pharmacy,pharmaci,NN,1
pigeon,7374,pigeon,pigeon,NN,1
pikey,304,pikey,pikey,NN,1
pinochetregime,7394,pinochetregime,pinochetregim,NN,1
pinup,488,pinup,pinup,NN,1
pioneer,1198,pioneer,pioneer,NN,1
pipe,7329,pipe,pipe,NN,1
pipeline,4258,pipeline,pipelin,NN,1
yoda,1186,yoda,yoda,NN,1
planning,9213,planning,plan,NN,1
philosopher,135,philosopher,philosoph,NN,1
pharmaceutical,7424,pharmaceutical,pharmaceut,JJ,1
plaster,675,plaster,plaster,NN,1
pavilion,376,pavilion,pavilion,NN,1
parole,7814,parole,parol,NN,1
part,2677,part,part,NN,1
partnership,4233,partnership,partnership,NN,1
passageway,9463,passageway,passageway,NN,1
zone,2196,zone,zone,NN,1
patent,9427,patent,patent,NN,1
paternity,5613,paternity,patern,NN,1
patriarch,1556,patriarch,patriarch,NN,1
patriarchy,1560,patriarchy,patriarchi,NN,1
pay,9166,pay,pay,NN,1
petersburg,7441,petersburg,petersburg,NN,1
peacekeeper,728,peacekeeper,peacekeep,NN,1
peak,8982,peak,peak,NN,1
pearl,481,pearl,pearl,NN,1
pedophilia,9276,pedophilia,pedophilia,NN,1
pen,7300,pen,pen,VB,1
pentagon,4762,pentagon,pentagon,NN,1
zebra,7742,zebra,zebra,NN,1
perjury,7698,perjury,perjuri,NN,1
perspective,10021,perspectives,perspect,NN,1
ying,1883,ying,ying,VB,1
plato,1636,plato,plato,NN,1
prove,631,proving,prove,VB,1
pro,985,pro,pro,NN,1
pressure,3139,pressure,pressur,NN,1
prey,9753,prey,prey,NN,1
pride,2931,pride,pride,NN,1
princess,3568,princess,princess,NN,1
princeton,916,princeton,princeton,NN,1
principal,2060,principal,princip,NN,1
xray,9802,xray,xray,NN,1
prize,919,prize,prize,NN,1
prizefight,6875,prizefight,prizefight,NN,1
producer,2510,producer,produc,NN,1
presley,1233,presley,presley,NN,1
production,8146,production,product,NN,1
professional,7870,professional,profession,JJ,1
program,6168,program,program,NN,1
prometheus,7345,prometheus,prometheu,NN,1
promiscuity,327,promiscuity,promiscu,NN,1
propaganda,7137,propaganda,propaganda,NN,1
property,6102,property,properti,NN,1
prosecution,4037,prosecution,prosecut,NN,1
protector,6607,protector,protector,NN,1
press,7596,press,press,NN,1
prescription,7868,prescription,prescript,NN,1
yin,1898,yin,yin,NN,1
policeman,2014,policeman,policeman,NN,1
playboy,2784,playboy,playboy,NN,1
player,8081,player,player,NN,1
plo,3103,plo,plo,NN,1
poem,342,poem,poem,NN,1
poison,3586,poison,poison,NN,1
poland,1372,poland,poland,NN,1
polar,2195,polar,polar,NN,1
polaroid,401,polaroid,polaroid,NN,1
yard,5672,yard,yard,NN,1
polish,1362,polish,polish,JJ,1
pregnant,4230,pregnant,pregnant,NN,1
pollution,35,pollution,pollut,NN,1
polo,4416,polo,polo,NN,1
polyamory,10036,polyamory,polyamori,NN,1
portal,9107,portal,portal,NN,1
portrait,4464,portrait,portrait,NN,1
pot,9571,pot,pot,NN,1
praise,2381,praise,prais,NN,1
prank,680,prank,prank,NN,1
precocity,4232,precocity,precoc,NN,1
purse,5305,purse,purs,NN,1
sexism,2281,sexism,sexism,NN,1
pyramid,2380,pyramid,pyramid,NN,1
summertime,8702,summertime,summertim,NN,1
swiss,9386,swiss,swiss,JJ,1
vigil,4830,vigil,vigil,NN,1
sweatshop,3609,sweatshop,sweatshop,NN,1
viii,4388,viii,viii,NN,1
swat,3322,swat,swat,NN,1
swan,6156,swan,swan,NN,1
suspect,8638,suspect,suspect,NN,1
virgin,840,virgin,virgin,NN,1
surrey,3750,surrey,surrey,NN,1
surgeon,1904,surgeon,surgeon,NN,1
surfer,9739,surfer,surfer,NN,1
surf,1192,surfing,surf,VB,1
supreme,1572,supreme,suprem,NN,1
supremacy,9828,supremacy,supremaci,NN,1
support,8419,support,support,NN,1
supervillain,2274,supervillain,supervillain,NN,1
supernova,5202,supernova,supernova,NN,1
virginity,6044,virginity,virgin,NN,1
supermarket,4730,supermarket,supermarket,NN,1
superficiality,616,superficiality,superfici,NN,1
sunrise,6732,sunrise,sunris,NN,1
switzerland,8996,switzerland,switzerland,NN,1
sydney,2821,sydney,sydney,NN,1
symbol,5326,symbol,symbol,NN,1
talk,7383,talking,talk,VB,1
tech,7529,tech,tech,NN,1
teamwork,4302,teamwork,teamwork,NN,1
tea,4986,tea,tea,NN,1
tavern,241,tavern,tavern,NN,1
taunt,10064,taunting,taunt,VB,1
tattoo,381,tattoo,tattoo,NN,1
taste,2494,tasting,tast,VB,1
tarot,3530,tarot,tarot,NN,1
tallest,7075,tallest,tallest,NN,1
talent,6834,talent,talent,NN,1
symbology,9868,symbology,symbolog,NN,1
videoconferencing,5478,videoconferencing,videoconferenc,VB,1
takeover,8128,takeover,takeov,NN,1
taj,4513,taj,taj,NN,1
taiwanese,9955,taiwanese,taiwanes,JJ,1
taiwan,9953,taiwan,taiwan,NN,1
system,8363,system,system,NN,1
syringe,7692,syringe,syring,NN,1
synthetic,8539,synthetic,synthet,JJ,1
syndrome,8319,syndrome,syndrom,NN,1
sunlight,1873,sunlight,sunlight,NN,1
suitor,2928,suitor,suitor,NN,1
teddy,7353,teddy,teddi,NN,1
suit,688,suit,suit,NN,1
stetson,2714,stetson,stetson,NN,1
steroid,4738,steroids,steroid,NN,1
stepmother,5057,stepmother,stepmoth,NN,1
steampunk,5682,steampunk,steampunk,NN,1
statistic,6836,statistics,statist,NN,1
statesmexico,4207,statesmexico,statesmexico,NN,1
stasis,7338,stasis,stasi,NN,1
starvation,5616,starvation,starvat,NN,1
starship,8102,starship,starship,NN,1
stampede,4852,stampede,stamped,NN,1
stamp,3408,stamp,stamp,NN,1
stamen,3260,stamina,stamina,NN,1
walt,10023,walt,walt,NN,1
stalk,6396,stalking,stalk,VB,1
stakeout,191,stakeout,stakeout,NN,1
squatter,4402,squatter,squatter,NN,1
square,5126,square,squar,NN,1
waltz,4853,waltzing,waltz,VB,1
sprinter,9891,sprinter,sprinter,NN,1
ward,6423,ward,ward,NN,1
spiritual,1194,spiritual,spiritu,JJ,1
stick,1557,stick,stick,NN,1
stop,2678,stop,stop,NN,1
wagon,9588,wagon,wagon,NN,1
stutter,5983,stutter,stutter,NN,1
suicidal,7922,suicidal,suicid,NN,1
suffragette,9260,suffragettes,suffragett,NN,1
suffer,4695,suffering,suffer,VB,1
successor,139,successor,successor,NN,1
visit,4426,visit,visit,NN,1
substance,7707,substance,substanc,NN,1
submarine,7046,submarine,submarin,NN,1
subjugation,701,subjugation,subjug,NN,1
style,6180,style,style,NN,1
stuntman,6616,stuntman,stuntman,NN,1
storyline,3755,storylines,storylin,NN,1
stuffed,2124,stuffed,stuf,NN,1
studio,2521,studio,studio,NN,1
volcanic,5552,volcanic,volcan,NN,1
struggle,5617,struggle,struggl,NN,1
stripper,4737,stripper,stripper,NN,1
strike,4541,strike,strike,NN,1
strange,2718,strange,strang,NN,1
storytelling,3118,storytelling,storytel,VB,1
voyeurism,8522,voyeurism,voyeur,NN,1
technician,3268,technician,technician,JJ,1
teleprompter,2288,teleprompter,teleprompt,NN,1
speedboatxa,3522,speedboatxa,speedboatxa,NN,1
transsexuality,9061,transsexuality,transsexu,NN,1
turn,8192,turns,turn,NN,1
turing,8937,turing,ture,VB,1
tunnel,7787,tunnel,tunnel,NN,1
tumor,3553,tumor,tumor,NN,1
tulip,6814,tulips,tulip,NN,1
tugboat,1380,tugboat,tugboat,NN,1
tudor,4108,tudors,tudor,NN,1
tuberculosis,503,tuberculosis,tuberculosi,NN,1
trustee,6753,trustee,truste,NN,1
vanity,6558,vanity,vaniti,NN,1
trudy,9796,trudy,trudi,NN,1
truck,6190,truck,truck,NN,1
troubled,5389,troubled,troubl,JJ,1
troll,1936,troll,troll,NN,1
tricycle,7632,tricycle,tricycl,NN,1
tribe,5635,tribe,tribe,NN,1
trespass,9217,trespass,trespass,NN,1
tree,7793,tree,tree,NN,1
treatment,8162,treatment,treatment,NN,1
treason,5020,treason,treason,NN,1
traviata,511,traviata,traviata,NN,1
twenty,5730,twenty,twenti,NN,1
twister,2188,twister,twister,NN,1
tyrannosaurus,642,tyrannosaurus,tyrannosauru,NN,1
unreliable,76,unreliable,unreli,JJ,1
utopia,6166,utopia,utopia,NN,1
utah,893,utah,utah,NN,1
use,10019,use,use,NN,1
urn,375,urn,urn,NN,1
upstate,9423,upstate,upstat,NN,1
upside,7704,upside,upsid,NN,1
uprise,2097,uprising,upris,VB,1
upbringing,2606,upbringing,upbring,VB,1
unsent,5062,unsent,unsent,NN,1
valentine,6265,valentines,valentin,NN,1
undead,6006,undead,undead,NN,1
valkyrie,5030,valkyrie,valkyri,NN,1
unit,3157,unit,unit,NN,1
unhappy,4978,unhappy,unhappi,JJ,1
unfulfilled,2764,unfulfilled,unfulfil,JJ,1
unexploded,726,unexploded,unexplod,JJ,1
valley,2717,valley,valley,NN,1
underwear,3554,underwear,underwear,JJ,1
understand,1024,understanding,understand,VB,1
underage,6854,underage,underag,NN,1
traveler,6478,traveler,travel,NN,1
transportation,7700,transportation,transport,NN,1
television,1702,television,televis,NN,1
transport,3979,transport,transport,NN,1
told,7756,told,told,NN,1
tire,5291,tire,tire,NN,1
tightrope,9212,tightrope,tightrop,NN,1
thrill,8275,thrilling,thrill,VB,1
theorem,921,theorem,theorem,NN,1
theodore,3691,theodore,theodor,NN,1
theme,2892,theme,theme,NN,1
theatre,1050,theatre,theatr,NN,1
thaw,3060,thaw,thaw,NN,1
thatcher,7128,thatcher,thatcher,NN,1
thames,2987,thames,thame,NN,1
thai,7931,thai,thai,NN,1
terrain,6773,terrain,terrain,NN,1
termination,5480,termination,termin,NN,1
tentacle,2267,tentacle,tentacl,NN,1
tension,5419,tension,tension,NN,1
tennis,2985,tennis,tenni,NN,1
tenderness,7016,tenderness,tender,NN,1
tenacity,8705,tenacity,tenac,NN,1
temperature,2191,temperature,temperatur,NN,1
tempel,2825,tempel,tempel,NN,1
tom,6984,tom,tom,NN,1
tombstone,3871,tombstone,tombston,NN,1
tornado,2187,tornado,tornado,NN,1
trailer,292,trailer,trailer,NN,1
transplantation,2807,transplantation,transplant,NN,1
transmission,5986,transmission,transmiss,NN,1
translation,2230,translation,translat,NN,1
transistor,5523,transistor,transistor,NN,1
transform,8500,transforming,transform,VB,1
transfer,6829,transfer,transfer,NN,1
transaction,3319,transactions,transact,NN,1
trans,8163,trans,tran,NN,1
trample,4855,trampled,trampl,VB,1
trafficker,7930,trafficker,traffick,NN,1
toronto,7611,toronto,toronto,NN,1
trade,9215,trade,trade,NN,1
velociraptor,644,velociraptor,velociraptor,NN,1
tower,515,tower,tower,NN,1
vend,9581,vending,vend,VB,1
tough,8534,tough,tough,JJ,1
totalitarian,3261,totalitarian,totalitarian,JJ,1
toss,4217,toss,toss,NN,1
venezuela,9437,venezuela,venezuela,NN,1
tortuga,1743,tortuga,tortuga,NN,1
spinosaurus,645,spinosaurus,spinosauru,NN,1
spanish,3582,spanish,spanish,JJ,1
pyre,2153,pyre,pyre,NN,1
remorse,876,remorse,remors,NN,1
romulus,1412,romulus,romulu,NN,1
romanian,7518,romanian,romanian,NN,1
romania,7516,romania,romania,NN,1
woe,5094,woes,woe,NN,1
roman,120,roman,roman,NN,1
rogue,7861,rogue,rogu,NN,1
robber,3068,robber,robber,NN,1
ritual,6242,ritual,ritual,JJ,1
rio,4559,rio,rio,NN,1
rigxa,6127,rigxa,rigxa,NN,1
rider,7091,rider,rider,NN,1
rica,655,rica,rica,NN,1
rex,643,rex,rex,NN,1
reverend,9232,reverend,reverend,NN,1
revelation,4041,revelation,revel,NN,1
retardation,5259,retardation,retard,NN,1
restart,1826,restart,restart,NN,1
ressentiment,6725,ressentiment,ressenti,NN,1
resort,8954,resort,resort,NN,1
resident,6010,resident,resid,NN,1
reputation,7871,reputation,reput,NN,1
rookie,774,rookie,rooki,NN,1
roosevelt,3692,roosevelt,roosevelt,NN,1
rope,6211,rope,rope,NN,1
sade,436,sade,sade,NN,1
sami,1014,sami,sami,NN,1
salvage,1381,salvage,salvag,NN,1
salt,890,salt,salt,NN,1
salon,618,salon,salon,NN,1
saint,4472,saint,saint,NN,1
sailor,2405,sailor,sailor,NN,1
sail,6570,sailing,sail,VB,1
safety,7701,safety,safeti,NN,1
sadomasochism,3829,sadomasochism,sadomasoch,NN,1
sabotage,6663,sabotage,sabotag,NN,1
rouge,505,rouge,roug,NN,1
rwanda,2031,rwanda,rwanda,NN,1
wish,7358,wishes,wish,NN,1
runner,9194,runner,runner,NN,1
runaway,5340,runaway,runaway,NN,1
rumor,6059,rumor,rumor,NN,1
rum,3935,rum,rum,NN,1
rugby,5659,rugby,rugbi,NN,1
rudeness,853,rudeness,rude,NN,1
royal,5987,royal,royal,NN,1
repair,1703,repair,repair,NN,1
workplace,6590,workplace,workplac,NN,1
sapient,740,sapient,sapient,NN,1
release,4422,release,releas,NN,1
rainstorm,1606,rainstorm,rainstorm,NN,1
railway,7004,railway,railway,NN,1
rail,2344,rail,rail,NN,1
rage,2105,rage,rage,NN,1
raft,8857,raft,raft,NN,1
radiation,2778,radiation,radiat,NN,1
wreckage,7758,wreckage,wreckag,NN,1
raceconscious,9952,raceconscious,raceconsci,JJ,1
wrestler,4742,wrestler,wrestler,NN,1
rabbit,9248,rabbit,rabbit,NN,1
rabbi,9049,rabbi,rabbi,NN,1
quote,7117,quote,quot,NN,1
quiz,4510,quiz,quiz,NN,1
quest,1941,quest,quest,NN,1
wretch,4521,wretch,wretch,NN,1
queensland,8147,queensland,queensland,NN,1
quebec,597,quebec,quebec,NN,1
quarterback,2471,quarterback,quarterback,NN,1
quarantine,1090,quarantine,quarantin,NN,1
quadriplegic,6954,quadriplegic,quadripleg,NN,1
quadriplegia,6955,quadriplegia,quadriplegia,NN,1
ram,9027,ram,ram,NN,1
rampage,1529,rampage,rampag,NN,1
ranch,4845,ranch,ranch,NN,1
regency,2937,regency,regenc,NN,1
relative,2318,relatives,rel,NN,1
wormhole,8740,wormhole,wormhol,NN,1
relapse,7706,relapse,relaps,NN,1
reich,9234,reich,reich,NN,1
rehearsal,4781,rehearsal,rehears,NN,1
rehabilitation,4774,rehabilitation,rehabilit,NN,1
regret,2065,regret,regret,NN,1
regression,7471,regression,regress,NN,1
regime,3565,regime,regim,NN,1
referendum,7401,referendum,referendum,NN,1
ransom,10094,ransom,ransom,NN,1
recruit,719,recruit,recruit,NN,1
reconciliation,333,reconciliation,reconcili,NN,1
recession,1468,recession,recess,NN,1
wrath,10156,wrath,wrath,NN,1
reaper,10082,reaper,reaper,NN,1
reanimate,2093,reanimated,reanim,VB,1
real,9405,real,real,JJ,1
razor,3793,razor,razor,NN,1
rave,1638,rave,rave,VB,1
sand,7322,sand,sand,NN,1
sat,4335,sat,sat,NN,1
warhead,5398,warhead,warhead,NN,1
sharemarket,8269,sharemarket,sharemarket,NN,1
situation,3317,situation,situat,NN,1
sino,4946,sino,sino,NN,1
singapore,3930,singapore,singapor,NN,1
sing,9623,singing,sing,VB,1
silver,6571,silver,silver,NN,1
sight,5339,sight,sight,NN,1
sierra,3152,sierra,sierra,NN,1
siege,1447,siege,sieg,NN,1
sibiria,1017,sibiria,sibiria,NN,1
showgirl,7025,showgirl,showgirl,NN,1
shower,9453,shower,shower,NN,1
shot,9075,shot,shot,NN,1
weather,1594,weather,weather,NN,1
web,10135,web,web,NN,1
webcam,7628,webcam,webcam,NN,1
shoah,1348,shoah,shoah,NN,1
shift,3683,shift,shift,NN,1
shield,7251,shield,shield,NN,1
weekend,5286,weekend,weekend,NN,1
shelter,9540,sheltered,shelter,VB,1
weevil,1914,weevil,weevil,NN,1
skinhead,3622,skinhead,skinhead,NN,1
way,5577,ways,way,NN,1
slang,290,slang,slang,NN,1
warsaw,1360,warsaw,warsaw,NN,1
spaceship,8,spaceship,spaceship,NN,1
spaceport,1176,spaceport,spaceport,NN,1
southeast,4661,southeast,southeast,NN,1
warlord,2908,warlord,warlord,NN,1
sonderkommando,9052,sonderkommando,sonderkommando,NN,1
something,5731,something,someth,NN,1
warm,6033,warming,warm,VB,1
solar,5556,solar,solar,NN,1
sociopath,7650,sociopath,sociopath,NN,1
socially,9375,socially,social,RB,1
slasher,3285,slasher,slasher,NN,1
socialism,4400,socialism,social,NN,1
snuff,8461,snuff,snuff,NN,1
snake,4319,snake,snake,NN,1
slug,3373,slug,slug,NN,1
watchman,4674,watchman,watchman,NN,1
slow,9133,slow,slow,VB,1
slice,8961,slice,slice,NN,1
sleepwalk,827,sleepwalking,sleepwalk,VB,1
wave,7520,wave,wave,NN,1
shave,3811,shaving,shave,VB,1
shanghai,3394,shanghai,shanghai,NN,1
winston,6000,winston,winston,NN,1
shackle,4665,shackles,shackl,NN,1
secession,7727,secession,secess,NN,1
seattle,7172,seattle,seattl,NN,1
seaman,3818,seaman,seaman,NN,1
screenwriter,8995,screenwriter,screenwrit,NN,1
screen,8521,screen,screen,NN,1
scream,1601,scream,scream,NN,1
scooter,4891,scooter,scooter,NN,1
scientology,7461,scientology,scientolog,NN,1
schematic,607,schematic,schemat,JJ,1
wind,4087,wind,wind,NN,1
scepter,599,scepter,scepter,NN,1
scarecrow,4634,scarecrow,scarecrow,NN,1
scare,9783,scare,scare,NN,1
scandinavia,7104,scandinavia,scandinavia,NN,1
window,4006,window,window,NN,1
scam,8205,scam,scam,NN,1
saxophonist,2248,saxophonist,saxophonist,NN,1
sawyer,6985,sawyer,sawyer,NN,1
winery,2492,winery,wineri,NN,1
satellite,7057,satellite,satellit,NN,1
satanic,9230,satanic,satan,NN,1
secrecy,4798,secrecy,secreci,NN,1
wig,7382,wig,wig,NN,1
sect,3453,sect,sect,NN,1
separation,6437,separation,separ,NN,1
uxoricide,3817,uxoricide,uxoricid,NN,1
wheelchair,2392,wheelchair,wheelchair,NN,1
set,7768,set,set,NN,1
servant,3559,servant,servant,NN,1
wicked,9602,wicked,wick,VB,1
sergeant,6375,sergeant,sergeant,NN,1
serendipity,789,serendipity,serendip,NN,1
sequence,2728,sequence,sequenc,NN,1
sepsis,4101,sepsis,sepsi,NN,1
sensuality,7024,sensuality,sensual,NN,1
seduction,282,seduction,seduct,NN,1
sensitivity,3273,sensitivity,sensit,NN,1
sens,6895,senses,sens,NN,1
semi,334,semi,semi,NN,1
sell,8091,sold,sold,VB,1
selfloathing,6924,selfloathing,selfloath,VB,1
selffulfilling,1275,selffulfilling,selffulfil,VB,1
selfdefense,8452,selfdefense,selfdefens,NN,1
segregation,6719,segregation,segreg,NN,1
see,7294,seeing,see,VB,1
abandon,8558,abandoned,abandon,VB,1
lager,1574,lager,lager,NN,1
parasite,3372,parasite,parasit,NN,1
correspondent,9502,correspondent,correspond,NN,1
creation,7335,creation,creation,NN,1
crazy,6697,crazy,crazi,NN,1
craftsman,2231,craftsman,craftsman,NN,1
craft,6310,craft,craft,NN,1
cowboy,2882,cowboy,cowboy,NN,1
cowardice,4164,cowardice,cowardic,NN,1
coward,4075,coward,coward,NN,1
cover,3402,covered,cover,VB,1
coup,7268,coup,coup,NN,1
county,6131,county,counti,NN,1
costa,654,costa,costa,NN,1
cosmos,2383,cosmos,cosmo,NN,1
corrupt,8268,corrupt,corrupt,NN,1
corporate,38,corporate,corpor,JJ,1
crematorium,9914,crematorium,crematorium,NN,1
corp,6365,corps,corp,NN,1
coroner,9922,coroner,coron,NN,1
coronation,2370,coronation,coron,NN,1
cornwall,8031,cornwall,cornwal,NN,1
corgi,6002,corgi,corgi,NN,1
copenhagen,8867,copenhagen,copenhagen,NN,1
coparenting,6121,coparenting,copar,VB,1
cooper,1705,cooper,cooper,NN,1
cooking,8959,cooking,cook,NN,1
convoy,8981,convoy,convoy,NN,1
convertible,5842,convertible,convert,JJ,1
controversy,9264,controversy,controversi,NN,1
contrebande,7163,contrebande,contreband,NN,1
creator,6095,creator,creator,NN,1
criticism,4372,criticism,critic,NN,1
demeanor,3711,demeanor,demeanor,NN,1
cyborg,8941,cyborg,cyborg,NN,1
delusion,925,delusion,delus,NN,1
defibrillation,3603,defibrillation,defibril,NN,1
defense,2013,defense,defens,NN,1
decipherment,3412,decipherment,decipher,NN,1
decadence,8267,decadence,decad,NN,1
debt,3217,debt,debt,NN,1
debate,6867,debate,debat,NN,1
deadly,7839,deadly,deadli,RB,1
darwin,3120,darwin,darwin,NN,1
dangerous,4038,dangerous,danger,JJ,1
dagger,2176,dagger,dagger,NN,1
cynical,668,cynical,cynic,JJ,1
cyclops,3459,cyclops,cyclop,NN,1
cybernetics,8939,cybernetics,cybernet,NN,1
crop,1334,crop,crop,NN,1
cybercrime,8909,cybercrime,cybercrim,NN,1
cute,7325,cute,cute,NN,1
custom,600,customs,custom,NN,1
curtain,508,curtain,curtain,NN,1
cure,3263,cure,cure,NN,1
cupboard,3048,cupboard,cupboard,NN,1
cultural,7723,cultural,cultur,JJ,1
cuba,3521,cuba,cuba,NN,1
cryptologist,3450,cryptologist,cryptologist,NN,1
cryptography,8779,cryptography,cryptographi,NN,1
cruise,1374,cruise,cruis,NN,1
crude,7218,crude,crude,NN,1
crucifix,350,crucifix,crucifix,NN,1
contraband,7162,contraband,contraband,NN,1
constructor,3105,constructor,constructor,NN,1
conservatory,8656,conservatory,conservatori,NN,1
claim,802,claim,claim,NN,1
coffee,990,coffee,coffe,NN,1
code,3860,code,code,NN,1
cocktail,1160,cocktail,cocktail,NN,1
cocaine,2907,cocaine,cocain,NN,1
cobra,5407,cobra,cobra,NN,1
coach,2464,coach,coach,NN,1
clumsy,2528,clumsy,clumsi,NN,1
clue,5686,clue,clue,NN,1
club,882,club,club,NN,1
clown,3870,clown,clown,NN,1
clique,3136,clique,cliqu,NN,1
clip,4692,clipping,clip,VB,1
clearwater,8593,clearwater,clearwat,NN,1
circle,1335,circle,circl,NN,1
consciousness,8933,consciousness,conscious,NN,1
cincinnati,4617,cincinnati,cincinnati,NN,1
cigarette,933,cigarette,cigarett,NN,1
churchill,6001,churchill,churchil,NN,1
chun,4953,chun,chun,NN,1
chronology,411,chronology,chronolog,NN,1
christian,5596,christian,christian,NN,1
cholo,781,cholo,cholo,NN,1
chimp,690,chimp,chimp,NN,1
chile,7392,chile,chile,NN,1
childlessness,3658,childlessness,childless,NN,1
childhood,2514,childhood,childhood,NN,1
chihuahua,623,chihuahua,chihuahua,NN,1
chief,1552,chief,chief,NN,1
coin,4216,coin,coin,NN,1
collector,674,collector,collector,NN,1
collision,2710,collision,collis,NN,1
colonel,5021,colonel,colonel,NN,1
conscience,2976,conscience,conscienc,NN,1
connect,1761,connected,connect,VB,1
conjure,9992,conjuring,conjur,VB,1
congo,9839,congo,congo,NN,1
confusion,393,confusion,confus,NN,1
conflagration,7732,conflagration,conflagr,NN,1
confine,6083,confined,confin,VB,1
conference,7597,conference,confer,NN,1
conductor,8998,conductor,conductor,NN,1
concubine,10105,concubine,concubin,NN,1
computergenerated,6176,computergenerated,computergener,VB,1
composer,8997,composer,compos,NN,1
complex,7342,complex,complex,JJ,1
compassion,8690,compassion,compass,NN,1
compass,3501,compass,compass,NN,1
commodus,140,commodus,commodu,NN,1
commitment,6539,commitment,commit,NN,1
commentary,4923,commentary,commentari,NN,1
commando,6666,commando,commando,NN,1
comeuppance,3084,comeuppance,comeupp,NN,1
comet,2,comet,comet,NN,1
comeback,2460,comeback,comeback,NN,1
comb,230,comb,comb,NN,1
columbine,1772,columbine,columbin,NN,1
columbia,8812,columbia,columbia,NN,1
colorado,4238,colorado,colorado,NN,1
color,7318,color,color,NN,1
demand,10095,demand,demand,NN,1
democracy,7398,democracy,democraci,NN,1
chemotherapy,6913,chemotherapy,chemotherapi,NN,1
emasculation,7935,emasculation,emascul,NN,1
epidemiologist,6894,epidemiologist,epidemiologist,NN,1
envy,3240,envy,envi,NN,1
environmentalism,4927,environmentalism,environment,NN,1
environmental,36,environmental,environment,JJ,1
entrant,3479,entrant,entrant,NN,1
entity,5496,entity,entiti,NN,1
enterprisee,1411,enterprisee,enterprise,NN,1
engineering,5538,engineering,engin,NN,1
engine,5208,engine,engin,NN,1
enforcement,4191,enforcement,enforc,NN,1
endorsement,6863,endorsement,endors,NN,1
emigration,6424,emigration,emigr,NN,1
embed,9503,embedded,embed,VB,1
emancipation,7735,emancipation,emancip,NN,1
epistaxis,371,epistaxis,epistaxi,NN,1
email,3411,email,email,NN,1
elvis,1232,elvis,elvi,NN,1
elizabeth,4105,elizabeth,elizabeth,NN,1
elephant,2820,elephant,eleph,NN,1
electrocution,8384,electrocution,electrocut,NN,1
electricity,8387,electricity,electr,NN,1
electric,580,electric,electr,JJ,1
elasticity,2802,elasticity,elast,NN,1
eiffel,514,eiffel,eiffel,NN,1
egypt,5323,egypt,egypt,NN,1
ego,3954,ego,ego,NN,1
effect,2186,effect,effect,NN,1
edgar,6960,edgar,edgar,NN,1
epinephrine,3611,epinephrine,epinephrin,NN,1
epoque,523,epoque,epoqu,NN,1
demolition,1718,demolition,demolit,NN,1
executive,463,executive,execut,NN,1
extremism,4703,extremism,extrem,NN,1
extraction,7601,extraction,extract,NN,1
extortion,9168,extortion,extort,NN,1
externally,9929,externally,extern,RB,1
expression,10040,expression,express,NN,1
exploitation,6717,exploitation,exploit,NN,1
experience,46,experience,experi,NN,1
expectant,2729,expectant,expect,NN,1
expatriate,9481,expatriate,expatri,NN,1
exorcism,2620,exorcism,exorc,NN,1
exodus,2205,exodus,exodu,NN,1
exhusband,5739,exhusband,exhusband,NN,1
exercise,6789,exercise,exercis,NN,1
execution,7583,execution,execut,NN,1
erotic,1140,erotic,erot,JJ,1
exchange,8908,exchange,exchang,NN,1
exam,9967,exam,exam,NN,1
evolution,731,evolution,evolut,NN,1
evidence,1227,evidence,evid,NN,1
eurydice,513,eurydice,eurydic,NN,1
ethologist,741,ethologist,ethologist,NN,1
ethnic,576,ethnic,ethnic,JJ,1
ethical,7733,ethical,ethic,JJ,1
estrange,4687,estranged,estrang,VB,1
estafa,4751,estafa,estafa,NN,1
escapade,6383,escapade,escapad,NN,1
eruption,5553,eruption,erupt,NN,1
eroticism,1137,eroticism,erotic,NN,1
economy,913,economy,economi,NN,1
economics,2660,economics,econom,NN,1
economic,914,economic,econom,JJ,1
diet,360,diet,diet,NN,1
district,4648,district,district,NN,1
dissociative,1613,dissociative,dissoci,NN,1
dissident,7281,dissident,dissid,NN,1
disneyland,8144,disneyland,disneyland,NN,1
disney,10024,disney,disney,NN,1
disintegration,4935,disintegration,disintegr,NN,1
dishonesty,4193,dishonesty,dishonesti,NN,1
disc,4720,disc,disc,NN,1
dirty,6859,dirty,dirti,NN,1
dinner,4782,dinner,dinner,NN,1
dilemma,7734,dilemma,dilemma,NN,1
dignity,2407,dignity,digniti,NN,1
digger,2993,digger,digger,NN,1
dictatorship,7393,dictatorship,dictatorship,NN,1
ecology,8647,ecology,ecolog,NN,1
devil,7087,devil,devil,NN,1
device,7422,device,devic,NN,1
devastation,7311,devastation,devast,NN,1
detroit,4902,detroit,detroit,NN,1
determination,2585,determination,determin,NN,1
detat,7269,detat,detat,NN,1
destroy,4015,destroy,destroy,NN,1
designer,4477,designer,design,NN,1
deserter,1961,deserter,desert,NN,1
derby,1719,derby,derbi,NN,1
deposition,6100,deposition,deposit,NN,1
deposit,1270,deposit,deposit,NN,1
department,9336,department,depart,NN,1
distrust,8921,distrust,distrust,NN,1
django,7833,django,django,NN,1
djinn,9851,djinn,djinn,NN,1
doberman,7003,doberman,doberman,NN,1
eclipse,6,eclipse,eclips,NN,1
earth,2690,earth,earth,NN,1
earring,1957,earring,ear,VB,1
eagle,7489,eagles,eagl,NN,1
dynamite,5428,dynamite,dynamit,NN,1
dynamic,4397,dynamics,dynam,NN,1
duty,2371,duty,duti,NN,1
dutch,2553,dutch,dutch,NN,1
dunkirk,4098,dunkirk,dunkirk,NN,1
dummy,3887,dummy,dummi,NN,1
dublin,3343,dublin,dublin,NN,1
dual,2254,dual,dual,JJ,1
dry,6684,dry,dri,NN,1
drunkenness,5256,drunkenness,drunken,NN,1
drunkeness,3790,drunkeness,drunk,NN,1
drone,7905,drone,drone,NN,1
drifter,7455,drifter,drifter,NN,1
dreamer,8218,dreamer,dreamer,NN,1
draw,7344,drawing,draw,VB,1
douglas,9799,douglas,dougla,NN,1
doubt,803,doubt,doubt,NN,1
dormitory,2055,dormitory,dormitori,NN,1
doorman,6646,doorman,doorman,NN,1
domineer,331,domineering,domin,VB,1
dolphin,8587,dolphin,dolphin,NN,1
dollar,786,dollar,dollar,NN,1
docudrama,7620,docudrama,docudrama,NN,1
chicken,3713,chicken,chicken,NN,1
chef,6887,chef,chef,NN,1
faberge,2551,faberge,faberg,NN,1
atlantic,888,atlantic,atlant,JJ,1
aviation,2590,aviation,aviat,NN,1
autotuning,588,autotuning,autotun,VB,1
automaton,6998,automaton,automaton,NN,1
autograph,2249,autograph,autograph,NN,1
autobiographical,335,autobiographical,autobiograph,JJ,1
auschwitzbirkenau,9046,auschwitzbirkenau,auschwitzbirkenau,NN,1
aurora,108,aurora,aurora,NN,1
aunt,7554,aunt,aunt,NN,1
auction,128,auction,auction,NN,1
attract,2934,attract,attract,NN,1
attorney,4649,attorney,attorney,NN,1
attachment,1819,attachment,attach,NN,1
atrocity,2042,atrocity,atroc,NN,1
athletics,6832,athletics,athlet,NN,1
awkward,9376,awkward,awkward,NN,1
aswad,3102,aswad,aswad,NN,1
assume,605,assumed,assum,VB,1
assistant,3477,assistant,assist,NN,1
artifact,5328,artifact,artifact,NN,1
article,3993,article,articl,NN,1
arthouse,7925,arthouse,arthous,NN,1
arrogance,6104,arrogance,arrog,NN,1
armada,4111,armada,armada,NN,1
arkansas,6228,arkansas,arkansa,NN,1
ark,5555,ark,ark,NN,1
aristocrat,6947,aristocrat,aristocrat,NN,1
argument,6130,argument,argument,NN,1
arena,118,arena,arena,NN,1
award,9957,award,award,NN,1
baadermeinhof,3106,baadermeinhof,baadermeinhof,NN,1
bdsm,10037,bdsm,bdsm,NN,1
bankruptcy,3077,bankruptcy,bankruptci,NN,1
bathroom,9811,bathroom,bathroom,NN,1
bathing,2398,bathing,bath,NN,1
basement,9770,basement,basement,NN,1
barrio,780,barrio,barrio,NN,1
barricade,7808,barricade,barricad,NN,1
bare,287,bare,bare,NN,1
barcelona,1236,barcelona,barcelona,NN,1
barbershop,3814,barbershop,barbershop,NN,1
barbed,4740,barbed,barb,NN,1
barbarian,136,barbarian,barbarian,NN,1
barbara,2490,barbara,barbara,NN,1
bar,5512,bar,bar,NN,1
banner,4576,banner,banner,NN,1
bankrupt,2651,bankrupt,bankrupt,NN,1
babysitter,3911,babysitter,babysitt,NN,1
banishment,6509,banishment,banish,NN,1
bangkok,7919,bangkok,bangkok,NN,1
bamboo,240,bamboo,bamboo,NN,1
baltimore,5086,baltimore,baltimor,NN,1
balloon,3914,balloon,balloon,NN,1
ballet,6147,ballet,ballet,NN,1
ballerina,6158,ballerina,ballerina,NN,1
bail,6460,bail,bail,NN,1
baggage,374,baggage,baggag,NN,1
bag,5287,bag,bag,NN,1
backyard,1295,backyard,backyard,NN,1
bachelor,2924,bachelor,bachelor,NN,1
babysnatching,2944,babysnatching,babysnatch,NN,1
are,7237,ares,are,NN,1
arctic,2544,arctic,arctic,JJ,1
architect,5373,architect,architect,NN,1
adventurer,8020,adventurer,adventur,NN,1
alligator,1399,alligator,allig,NN,1
alley,4268,alley,alley,NN,1
allegory,5885,allegory,allegori,NN,1
algerian,2974,algerian,algerian,JJ,1
album,9676,album,album,NN,1
albino,3452,albino,albino,NN,1
alberta,7433,alberta,alberta,NN,1
alamo,2098,alamo,alamo,NN,1
al,8799,als,al,NN,1
ailul,3101,ailul,ailul,NN,1
agriculture,8960,agriculture,agricultur,NN,1
agreement,1511,agreement,agreement,NN,1
affection,4609,affection,affect,NN,1
advancement,2572,advancement,advanc,NN,1
archeology,2546,archeology,archeolog,NN,1
adrenaline,3590,adrenaline,adrenalin,NN,1
adoption,5585,adoption,adopt,NN,1
admiration,4063,admiration,admir,NN,1
address,7731,address,address,NN,1
acupuncture,5257,acupuncture,acupunctur,NN,1
act,4671,acting,act,VB,1
accuse,4786,accused,accus,VB,1
accidental,5309,accidental,accident,NN,1
absurd,351,absurd,absurd,NN,1
absinthe,520,absinthe,absinth,NN,1
abroad,7600,abroad,abroad,RB,1
abraham,7737,abraham,abraham,NN,1
aboriginal,10005,aboriginal,aborigin,JJ,1
alone,6348,alone,alon,RB,1
amateur,106,amateur,amateur,NN,1
ambulance,1753,ambulance,ambul,NN,1
america,1966,america,america,NN,1
archeological,7339,archeological,archeolog,JJ,1
archdiocese,9293,archdiocese,archdioces,JJ,1
archangel,2621,archangel,archangel,NN,1
archaeologist,2545,archaeologist,archaeologist,NN,1
apprentice,5866,apprentice,apprentic,NN,1
apprendista,5875,apprendista,apprendista,NN,1
appeal,6134,appeal,appeal,NN,1
apparition,5360,apparition,apparit,NN,1
apoplectic,1980,apoplectic,apoplect,JJ,1
apology,852,apology,apolog,NN,1
apocalyptic,7910,apocalyptic,apocalypt,JJ,1
apartheid,5654,apartheid,apartheid,NN,1
antwerp,294,antwerp,antwerp,NN,1
antisocial,7108,antisocial,antisoci,JJ,1
antigen,3262,antigen,antigen,NN,1
antidote,9191,antidote,antidot,NN,1
antiauthoritarian,2605,antiauthoritarian,antiauthoritarian,JJ,1
anonymous,2965,anonymous,anonym,JJ,1
anniversary,9038,anniversary,anniversari,NN,1
animator,2314,animator,anim,NN,1
angry,4574,angry,angri,JJ,1
androgyny,4346,androgyny,androgyni,NN,1
anchor,8233,anchor,anchor,NN,1
anarchist,4403,anarchist,anarchist,NN,1
analyst,9826,analyst,analyst,NN,1
amsterdam,8414,amsterdam,amsterdam,NN,1
amok,1534,amok,amok,NN,1
bayonet,4954,bayonet,bayonet,NN,1
beadle,3816,beadle,beadl,NN,1
checkpoint,5975,checkpoint,checkpoint,NN,1
cancun,4436,cancun,cancun,NN,1
caribbean,1736,caribbean,caribbean,NN,1
cargo,7749,cargo,cargo,NN,1
caregiver,6435,caregiver,caregiv,NN,1
care,2390,care,care,NN,1
cardinal,9296,cardinal,cardin,NN,1
caracas,9439,caracas,caraca,NN,1
capture,2532,capture,captur,NN,1
captivity,6078,captivity,captiv,NN,1
capacity,8538,capacity,capac,NN,1
canton,2019,canton,canton,NN,1
canoe,1559,canoe,cano,NN,1
cane,3804,cane,cane,NN,1
candlelight,4829,candlelight,candlelight,NN,1
cancan,509,cancan,cancan,JJ,1
carnivorous,4434,carnivorous,carnivor,JJ,1
campfire,4429,campfire,campfir,NN,1
camel,8234,camel,camel,NN,1
camcorder,2971,camcorder,camcord,NN,1
cabinet,7729,cabinet,cabinet,NN,1
businessman,81,businessman,businessman,NN,1
burma,4324,burma,burma,NN,1
burglary,7969,burglary,burglari,NN,1
burglar,1099,burglar,burglar,NN,1
bureaucracy,2666,bureaucracy,bureaucraci,NN,1
bunker,1100,bunker,bunker,NN,1
bungeejump,4890,bungeejump,bungeejump,NN,1
building,7076,building,build,NN,1
buddhist,1812,buddhist,buddhist,NN,1
carnage,5701,carnage,carnag,NN,1
carousel,9559,carousel,carousel,NN,1
bearer,3082,bearer,bearer,NN,1
chain,2442,chained,chain,VB,1
check,2432,check,check,NN,1
charlie,7206,charlie,charli,NN,1
charles,3119,charles,charl,NN,1
charismatic,7464,charismatic,charismat,JJ,1
chariot,134,chariot,chariot,NN,1
chaplin,7207,chaplin,chaplin,NN,1
chapel,5289,chapel,chapel,NN,1
channel,1191,channel,channel,NN,1
chancellor,3196,chancellor,chancellor,NN,1
chancel,2733,chancel,chancel,NN,1
chance,9485,chance,chanc,NN,1
chalkboard,5068,chalkboard,chalkboard,NN,1
chair,581,chair,chair,NN,1
cern,5241,cern,cern,NN,1
carrot,5832,carrot,carrot,NN,1
ceremony,6422,ceremony,ceremoni,NN,1
central,4931,central,central,JJ,1
center,9216,center,center,NN,1
censorship,10038,censorship,censorship,NN,1
cause,9926,cause,caus,NN,1
cattle,4848,cattle,cattl,NN,1
catastrophe,424,catastrophe,catastroph,NN,1
cataclysm,2182,cataclysm,cataclysm,NN,1
castration,4340,castration,castrat,NN,1
caste,8362,caste,cast,NN,1
cast,544,casting,cast,VB,1
casino,3727,casino,casino,NN,1
cartoon,6659,cartoon,cartoon,NN,1
budapest,6793,budapest,budapest,NN,1
brussels,3912,brussels,brussel,NN,1
bruce,4575,bruce,bruce,NN,1
birth,3662,birth,birth,NN,1
bloodshed,2133,bloodshed,bloodsh,VB,1
blog,5171,blog,blog,NN,1
blitz,4100,blitz,blitz,NN,1
blindness,2502,blindness,blind,NN,1
blast,3426,blast,blast,NN,1
blacksmith,1722,blacksmith,blacksmith,NN,1
blackout,1994,blackout,blackout,NN,1
blacklight,198,blacklight,blacklight,NN,1
blackjack,5281,blackjack,blackjack,NN,1
blackface,4669,blackface,blackfac,NN,1
blackbeard,6581,blackbeard,blackbeard,NN,1
bisexuality,539,bisexuality,bisexu,NN,1
birthday,952,birthday,birthday,NN,1
bird,6648,bird,bird,NN,1
browncoat,2857,browncoat,browncoat,NN,1
bipolar,7487,bipolar,bipolar,NN,1
biohazard,6007,biohazard,biohazard,NN,1
biker,7082,biker,biker,NN,1
bigfoot,10163,bigfoot,bigfoot,NN,1
big,60,big,big,JJ,1
beverly,6456,beverly,beverli,RB,1
belief,7514,belief,belief,NN,1
belgium,3913,belgium,belgium,NN,1
beirut,3099,beirut,beirut,NN,1
being,5849,beings,be,NN,1
beheading,3165,beheading,behead,NN,1
beggar,3796,beggar,beggar,NN,1
beaver,3049,beaver,beaver,NN,1
bludgeoning,2443,bludgeoning,bludgeon,NN,1
blueprint,604,blueprint,blueprint,NN,1
boar,9531,boar,boar,NN,1
board,7702,board,board,NN,1
brothel,7800,brothel,brothel,NN,1
brooklyn,2796,brooklyn,brooklyn,NN,1
bronze,2159,bronze,bronz,NN,1
brokerage,6288,brokerage,brokerag,NN,1
bridesmaid,6535,bridesmaid,bridesmaid,NN,1
brick,2531,brick,brick,NN,1
brainwashing,2074,brainwashing,brainwash,NN,1
brace,7002,brace,brace,NN,1
box,1271,box,box,NN,1
bow,10170,bow,bow,NN,1
botox,4481,botox,botox,NN,1
bosnian,720,bosnian,bosnian,NN,1
bosnia,717,bosnia,bosnia,NN,1
borealis,109,borealis,boreali,NN,1
bootlegger,3154,bootlegger,bootlegg,NN,1
booth,1344,booth,booth,NN,1
booster,6405,booster,booster,NN,1
bono,986,bono,bono,NN,1
bondage,3492,bondage,bondag,NN,1
bonaparte,1037,bonaparte,bonapart,NN,1
bombing,9852,bombing,bomb,NN,1
bombay,4506,bombay,bombay,NN,1
bolt,4219,bolt,bolt,NN,1
bohemian,506,bohemian,bohemian,NN,1
bodybuilder,2638,bodybuilder,bodybuild,NN,1
bodily,3374,bodily,bodili,RB,1
bob,710,bob,bob,NN,1
eyeball,9698,eyeball,eyebal,NN,1
facebook,6109,facebook,facebook,NN,1
paraplegic,2388,paraplegic,parapleg,NN,1
marquis,435,marquis,marqui,NN,1
matron,1480,matron,matron,NN,1
matilda,4854,matilda,matilda,NN,1
mathematical,920,mathematical,mathemat,JJ,1
materialism,6534,materialism,materi,NN,1
mastermind,4647,mastermind,mastermind,NN,1
masseuse,6942,masseuse,masseus,NN,1
massage,10254,massage,massag,NN,1
massacre,5974,massacre,massacr,NN,1
masquerade,3248,masquerade,masquerad,NN,1
masochism,5436,masochism,masoch,NN,1
masculinity,8042,masculinity,masculin,NN,1
maryland,7411,maryland,maryland,NN,1
marseille,1030,marseille,marseil,NN,1
marital,6436,marital,marit,NN,1
mayham,6389,mayham,mayham,NN,1
margaret,7127,margaret,margaret,NN,1
map,3390,map,map,NN,1
maori,1550,maori,maori,NN,1
manila,7428,manila,manila,NN,1
manhunt,9249,manhunt,manhunt,NN,1
mandela,5656,mandela,mandela,NN,1
mahal,4514,mahal,mahal,NN,1
magician,9668,magician,magician,NN,1
mad,9652,mad,mad,NN,1
machete,5951,machete,machet,NN,1
macau,9666,macau,macau,NN,1
macarthur,9800,macarthur,macarthur,NN,1
macao,7663,macao,macao,NN,1
maximus,141,maximus,maximu,NN,1
mayoral,4835,mayoral,mayor,JJ,1
misogynist,2287,misogynist,misogynist,NN,1
merlin,5868,merlin,merlin,NN,1
miracle,3653,miracle,miracl,NN,1
minor,4231,minor,minor,NN,1
minion,8347,minions,minion,NN,1
mini,1704,mini,mini,NN,1
millennium,7120,millennium,millennium,NN,1
midwest,8287,midwest,midwest,NN,1
midnight,1224,midnight,midnight,NN,1
method,4670,method,method,NN,1
meteorology,2197,meteorology,meteorolog,NN,1
metamorphosis,7528,metamorphosis,metamorphosi,NN,1
metal,320,metal,metal,NN,1
messiah,10216,messiah,messiah,NN,1
messenger,4933,messenger,messeng,NN,1
menace,2972,menace,menac,NN,1
maze,9179,maze,maze,NN,1
men,3227,men,men,NN,1
memphis,5589,memphis,memphi,NN,1
member,773,member,member,NN,1
melt,2202,melting,melt,VB,1
mega,7508,mega,mega,NN,1
meerkat,7748,meerkat,meerkat,NN,1
medusa,5751,medusa,medusa,NN,1
meditation,1817,meditation,medit,NN,1
medieval,9125,medieval,mediev,NN,1
medal,5027,medal,medal,NN,1
mechanical,1184,mechanical,mechan,JJ,1
meat,3369,meat,meat,NN,1
meaning,2687,meaning,mean,NN,1
lumpur,9997,lumpur,lumpur,NN,1
lucifer,2629,lucifer,lucif,NN,1
lowell,6199,lowell,lowel,NN,1
knuckle,288,knuckle,knuckl,NN,1
launcher,2130,launcher,launcher,NN,1
latinx,5954,latinx,latinx,NN,1
last,611,last,last,JJ,1
lapland,1012,lapland,lapland,NN,1
abolitionist,8093,abolitionist,abolitionist,NN,1
lag,1794,lag,lag,NN,1
ladder,2282,ladder,ladder,NN,1
labyrinth,3573,labyrinth,labyrinth,NN,1
labor,5772,labor,labor,NN,1
label,2519,label,label,NN,1
kuala,9996,kuala,kuala,NN,1
kremlin,7077,kremlin,kremlin,NN,1
komodo,7664,komodo,komodo,NN,1
knowledge,6402,knowledge,knowledg,NN,1
louvre,3439,louvre,louvr,NN,1
knockout,2583,knockout,knockout,NN,1
knight,6244,knight,knight,NN,1
kit,5065,kit,kit,NN,1
kingpin,8610,kingpin,kingpin,NN,1
king,10159,king,king,NN,1
kidnap,4376,kidnapped,kidnap,VB,1
khan,3686,khan,khan,NN,1
kendo,1173,kendo,kendo,NN,1
kazakhstan,3710,kazakhstan,kazakhstan,NN,1
katanga,9843,katanga,katanga,NN,1
kasparhausersyndrom,743,kasparhausersyndrom,kasparhausersyndrom,NN,1
karaoke,1787,karaoke,karaok,NN,1
kaiju,7986,kaiju,kaiju,NN,1
laundromat,9064,laundromat,laundromat,NN,1
laundry,8068,laundry,laundri,NN,1
lax,560,lax,lax,NN,1
leak,4061,leak,leak,NN,1
louisiana,7949,louisiana,louisiana,NN,1
louis,4473,louis,loui,NN,1
loser,2859,loser,loser,NN,1
lordship,3534,lordship,lordship,NN,1
lone,3357,lone,lone,NN,1
logician,8778,logician,logician,JJ,1
lockdown,8935,lockdown,lockdown,NN,1
lobbyist,1535,lobbyist,lobbyist,NN,1
loan,9402,loan,loan,NN,1
lizard,7165,lizard,lizard,NN,1
lisa,3443,lisa,lisa,NN,1
lincoln,7738,lincoln,lincoln,NN,1
limp,5355,limp,limp,NN,1
limousine,7379,limousine,limousin,NN,1
lifeboat,7751,lifeboat,lifeboat,NN,1
libido,4480,libido,libido,NN,1
liberia,2919,liberia,liberia,NN,1
liberation,1359,liberation,liber,NN,1
liberal,6818,liberal,liber,JJ,1
levitation,7640,levitation,levit,NN,1
lethal,159,lethal,lethal,NN,1
lesson,7367,lessons,lesson,NN,1
leone,3153,leone,leon,NN,1
legion,1507,legion,legion,NN,1
leech,1977,leech,leech,NN,1
lebanon,3100,lebanon,lebanon,NN,1
leave,3359,leave,leav,VB,1
misdirection,561,misdirection,misdirect,NN,1
misogyny,461,misogyny,misogyni,NN,1
junkie,357,junkie,junki,NN,1
nottingham,3625,nottingham,nottingham,NN,1
ohio,6857,ohio,ohio,NN,1
odds,8715,odds,odd,NN,1
odd,7835,odd,odd,NN,1
octogenarian,7376,octogenarian,octogenarian,JJ,1
observer,3639,observer,observ,NN,1
observatory,4026,observatory,observatori,NN,1
nypd,4689,nypd,nypd,NN,1
nymphomaniac,3787,nymphomaniac,nymphomaniac,NN,1
nursing,8696,nursing,nurs,NN,1
nunchaku,679,nunchaku,nunchaku,NN,1
nude,9015,nude,nude,NN,1
nsa,8887,nsa,nsa,NN,1
novalis,9019,novalis,novali,NN,1
northwest,9819,northwest,northwest,RB,1
olympian,3108,olympian,olympian,JJ,1
nordic,8332,nordic,nordic,JJ,1
nootropics,6403,nootropics,nootrop,NN,1
nobel,918,nobel,nobel,NN,1
ninjutsu,5507,ninjutsu,ninjutsu,NN,1
nightmare,9221,nightmare,nightmar,NN,1
nightclub,4421,nightclub,nightclub,NN,1
newswoman,8397,newswoman,newswoman,NN,1
newpaper,5880,newpaper,newpap,NN,1
newlywed,2430,newlywed,newlyw,VB,1
nevada,1590,nevada,nevada,NN,1
neuron,8797,neuron,neuron,NN,1
network,6099,network,network,NN,1
netherlands,8415,netherlands,netherland,NN,1
oklahoma,8279,oklahoma,oklahoma,NN,1
omaha,5471,omaha,omaha,NN,1
missile,2780,missile,missil,NN,1
oven,3815,oven,oven,RB,1
parachute,5197,parachute,parachut,NN,1
pant,6817,pants,pant,NN,1
panic,4912,panic,panic,NN,1
panda,2283,panda,panda,NN,1
panama,1567,panama,panama,NN,1
paleontology,641,paleontology,paleontolog,NN,1
pal,7301,pals,pal,NN,1
pacifist,8691,pacifist,pacifist,NN,1
oxygen,8428,oxygen,oxygen,NN,1
oxford,8698,oxford,oxford,NN,1
owner,8089,owner,owner,NN,1
overseas,7134,overseas,oversea,RB,1
overbear,10059,overbearing,overbear,VB,1
outsource,7045,outsourcing,outsourc,VB,1
oneself,632,oneself,oneself,NN,1
outdoor,8035,outdoor,outdoor,NN,1
outback,8241,outback,outback,NN,1
orthodox,7517,orthodox,orthodox,NN,1
orpheus,512,orpheus,orpheu,NN,1
orphanage,5971,orphanage,orphanag,NN,1
orleans,7948,orleans,orlean,NN,1
orlando,10026,orlando,orlando,NN,1
orchid,1404,orchid,orchid,NN,1
orangutan,7744,orangutan,orangutan,NN,1
opposite,2933,opposites,opposit,NN,1
opportunity,6336,opportunity,opportun,NN,1
operative,2854,operative,oper,JJ,1
open,6259,open,open,JJ,1
nerd,3890,nerd,nerd,NN,1
nephew,7555,nephew,nephew,NN,1
neowestern,4211,neowestern,neowestern,JJ,1
montenegro,3740,montenegro,montenegro,NN,1
motion,2679,motion,motion,NN,1
mossad,3098,mossad,mossad,NN,1
moses,1656,moses,mose,NN,1
mortification,1825,mortification,mortif,NN,1
mortgage,9407,mortgage,mortgag,NN,1
morphine,3116,morphine,morphin,NN,1
morocco,9095,morocco,morocco,NN,1
morgana,5876,morgana,morgana,NN,1
moral,6723,moral,moral,JJ,1
mop,9422,mop,mop,NN,1
moor,6772,moor,moor,NN,1
moonshine,3789,moonshine,moonshin,NN,1
montreal,7616,montreal,montreal,NN,1
montage,8660,montage,montag,NN,1
nelson,5655,nelson,nelson,NN,1
monday,8274,monday,monday,NN,1
monarchy,5982,monarchy,monarchi,NN,1
mona,3442,mona,mona,NN,1
molotov,1159,molotov,molotov,NN,1
moderator,2970,moderator,moder,NN,1
model,9693,model,model,NN,1
mock,712,mocking,mock,VB,1
mob,9159,mob,mob,NN,1
mlb,6837,mlb,mlb,NN,1
mixed,6781,mixed,mix,JJ,1
mitvah,5513,mitvah,mitvah,NN,1
mit,922,mit,mit,NN,1
mistaken,9035,mistaken,mistaken,NN,1
motor,8796,motor,motor,NN,1
moulin,504,moulin,moulin,NN,1
movement,9081,movement,movement,NN,1
mug,3032,mugging,mug,VB,1
negligence,39,negligence,neglig,NN,1
neglect,3909,neglect,neglect,NN,1
needle,5255,needle,needl,NN,1
necrophilia,9681,necrophilia,necrophilia,NN,1
necromancer,9056,necromancer,necromanc,NN,1
neardeath,45,neardeath,neardeath,NN,1
naval,8348,naval,naval,NN,1
naturalist,1908,naturalist,naturalist,NN,1
nationalism,4447,nationalism,nation,NN,1
nasa,8736,nasa,nasa,NN,1
narrator,77,narrator,narrat,NN,1
narcotic,776,narcotics,narcot,NN,1
narcissist,7705,narcissist,narcissist,NN,1
napoleonic,1906,napoleonic,napoleon,JJ,1
napoleon,1036,napoleon,napoleon,NN,1
nanobots,4934,nanobots,nanobot,NN,1
nancy,4424,nancy,nanci,NN,1
naivety,5343,naivety,naiveti,NN,1
mystic,5864,mystic,mystic,JJ,1
mustang,197,mustang,mustang,NN,1
muscleman,6785,muscleman,muscleman,NN,1
murderer,2365,murderer,murder,NN,1
munich,3096,munich,munich,NN,1
mumbai,4505,mumbai,mumbai,NN,1
mullet,1193,mullet,mullet,NN,1
mule,8528,mule,mule,NN,1
muhammad,903,muhammad,muhammad,NN,1
juvenile,8039,juvenile,juvenil,NN,1
jumping,6210,jumping,jump,NN,1
factory,9413,factory,factori,NN,1
goon,2559,goon,goon,NN,1
greenhouse,2185,greenhouse,greenhous,NN,1
gravity,3271,gravity,graviti,NN,1
grandparent,1542,grandparent,grandpar,NN,1
grandmaster,5773,grandmaster,grandmast,NN,1
grandchild,1543,grandchild,grandchild,NN,1
grail,3430,grail,grail,NN,1
graduation,662,graduation,graduat,NN,1
gown,3605,gown,gown,NN,1
governor,1732,governor,governor,NN,1
gothic,3881,gothic,gothic,JJ,1
gossip,2429,gossip,gossip,NN,1
gospel,2516,gospel,gospel,NN,1
gorilla,684,gorilla,gorilla,NN,1
godmother,6115,godmother,godmoth,NN,1
grim,10081,grim,grim,NN,1
godfather,6120,godfather,godfath,NN,1
glove,873,gloves,glove,NN,1
glide,4160,gliding,glide,VB,1
glasgow,6881,glasgow,glasgow,NN,1
gladiator,117,gladiator,gladiat,NN,1
gioconda,3444,gioconda,gioconda,NN,1
gigantic,715,gigantic,gigant,JJ,1
georgian,2936,georgian,georgian,JJ,1
georgia,2505,georgia,georgia,NN,1
george,5997,george,georg,NN,1
gentleman,2935,gentleman,gentleman,NN,1
gentle,1986,gentle,gentl,NN,1
genghis,3685,genghis,genghi,NN,1
griffith,4025,griffith,griffith,NN,1
grocery,7282,grocery,groceri,NN,1
held,9706,held,held,NN,1
handkerchief,7312,handkerchief,handkerchief,NN,1
heiress,4748,heiress,heiress,NN,1
hedonism,8266,hedonism,hedon,NN,1
heavy,319,heavy,heavi,JJ,1
heartache,5385,heartache,heartach,NN,1
hearing,6461,hearing,hear,NN,1
health,7559,health,health,NN,1
heal,9478,healing,heal,VB,1
headline,3537,headline,headlin,NN,1
havana,3520,havana,havana,NN,1
hatter,9653,hatter,hatter,NN,1
hate,2106,hate,hate,NN,1
hatch,6649,hatching,hatch,VB,1
harbor,482,harbor,harbor,NN,1
handicapped,1000,handicapped,handicap,NN,1
groupie,316,groupie,groupi,NN,1
hamster,6805,hamster,hamster,NN,1
hamburg,1263,hamburg,hamburg,NN,1
halloween,809,halloween,halloween,NN,1
hall,518,hall,hall,NN,1
hail,2190,hail,hail,NN,1
gypsy,285,gypsy,gypsi,NN,1
gymnasium,4404,gymnasium,gymnasium,NN,1
gunshot,7416,gunshot,gunshot,NN,1
gunfight,5696,gunfight,gunfight,NN,1
gulfstream,2198,gulfstream,gulfstream,NN,1
guide,1455,guide,guid,NN,1
growth,7044,growth,growth,NN,1
grow,8473,growing,grow,VB,1
gene,5535,gene,gene,NN,1
gathering,1201,gathering,gather,NN,1
gate,6706,gate,gate,NN,1
fellow,2529,fellow,fellow,NN,1
fitness,4722,fitness,fit,NN,1
fisherman,3155,fisherman,fisherman,NN,1
firefly,2856,firefly,firefli,NN,1
firefighter,104,firefighter,firefight,NN,1
finnish,1013,finnish,finnish,JJ,1
finn,6982,finn,finn,NN,1
fingerprint,6133,fingerprint,fingerprint,NN,1
field,9888,field,field,NN,1
fiance,5301,fiance,fianc,NN,1
fernando,2716,fernando,fernando,NN,1
feral,9813,feral,feral,JJ,1
feminist,9255,feminist,feminist,NN,1
feminisim,6506,feminisim,feminisim,NN,1
feel,4980,feeling,feel,VB,1
garage,7626,garage,garag,NN,1
federation,1410,federation,feder,NN,1
faun,3585,faun,faun,NN,1
fast,2242,fast,fast,NN,1
fascist,3193,fascist,fascist,NN,1
farmer,8762,farmer,farmer,NN,1
farm,1325,farm,farm,NN,1
farce,5791,farce,farc,NN,1
fanaticism,875,fanaticism,fanatic,NN,1
fanatic,4257,fanatic,fanat,JJ,1
fan,9605,fan,fan,NN,1
famine,8743,famine,famin,NN,1
falsely,4785,falsely,fals,RB,1
fair,1982,fair,fair,NN,1
flanders,8685,flanders,flander,NN,1
flashlight,8453,flashlight,flashlight,NN,1
flask,7,flask,flask,NN,1
flat,6804,flat,flat,JJ,1
galicia,2396,galicia,galicia,NN,1
galaxy,2674,galaxy,galaxi,NN,1
galactic,2734,galactic,galact,JJ,1
gag,8072,gag,gag,NN,1
gabriel,2622,gabriel,gabriel,NN,1
fundamentalism,8378,fundamentalism,fundament,NN,1
fund,6755,fund,fund,NN,1
full,1147,full,full,JJ,1
frigate,1909,frigate,frigat,NN,1
freshman,7543,freshman,freshman,NN,1
freemason,3445,freemason,freemason,NN,1
frat,6096,frat,frat,NN,1
francoism,3566,francoism,francoism,NN,1
franco,3564,franco,franco,NN,1
franchise,6833,franchise,franchis,NN,1
fountain,5862,fountain,fountain,NN,1
fort,1448,fort,fort,NN,1
formula,8021,formula,formula,NN,1
foretold,10162,foretold,foretold,NN,1
foreigner,4936,foreigner,foreign,NN,1
ford,196,ford,ford,NN,1
folktale,3821,folktale,folktal,NN,1
flood,5554,flood,flood,NN,1
flirt,4084,flirt,flirt,NN,1
fling,6272,fling,fling,VB,1
flight,2598,flight,flight,NN,1
flesh,5720,flesh,flesh,NN,1
heirloom,10263,heirloom,heirloom,NN,1
helen,2163,helen,helen,NN,1
jump,9782,jump,jump,NN,1
inspector,3181,inspector,inspector,NN,1
interspecies,4878,interspecies,interspeci,NN,1
interrogation,4926,interrogation,interrog,NN,1
interpreter,5969,interpreter,interpret,NN,1
intergalactic,2691,intergalactic,intergalact,JJ,1
intensive,2389,intensive,intens,JJ,1
intelligent,6054,intelligent,intellig,NN,1
insult,6807,insult,insult,NN,1
insulin,380,insulin,insulin,NN,1
instrument,3542,instrument,instrument,NN,1
instructor,2994,instructor,instructor,NN,1
institutionalization,7486,institutionalization,institution,NN,1
installer,2698,installer,instal,NN,1
inspire,8243,inspiring,inspir,VB,1
insomnia,1211,insomnia,insomnia,NN,1
intruder,8460,intruder,intrud,NN,1
insecurity,5725,insecurity,insecur,NN,1
inquisition,6235,inquisition,inquisit,NN,1
innocent,6137,innocent,innoc,NN,1
injustice,3813,injustice,injustic,NN,1
injured,7752,injured,injur,JJ,1
injection,7525,injection,inject,NN,1
informant,9174,informant,inform,NN,1
infestation,4247,infestation,infest,NN,1
infatuation,3810,infatuation,infatu,NN,1
indianapolis,2517,indianapolis,indianapoli,NN,1
incompetence,6589,incompetence,incompet,NN,1
incheon,9803,incheon,incheon,NN,1
incest,3809,incest,incest,NN,1
intimidation,7399,intimidation,intimid,NN,1
inventor,9414,inventor,inventor,NN,1
hell,10075,hell,hell,NN,1
janeiro,4560,janeiro,janeiro,NN,1
jordan,4792,jordan,jordan,NN,1
joker,4638,joker,joker,NN,1
johannesburg,2832,johannesburg,johannesburg,NN,1
jock,3134,jock,jock,NN,1
jinx,3228,jinx,jinx,NN,1
jingle,7405,jingle,jingl,NN,1
jfk,2237,jfk,jfk,NN,1
jewish,5521,jewish,jewish,NN,1
jewelry,602,jewelry,jewelri,NN,1
jewel,598,jewel,jewel,NN,1
jet,1793,jet,jet,NN,1
jesse,4071,jesse,jess,NN,1
jay,708,jay,jay,NN,1
james,4072,james,jame,NN,1
iphone,9076,iphone,iphon,NN,1
jamaican,9886,jamaican,jamaican,NN,1
jamaica,1728,jamaica,jamaica,NN,1
jam,345,jam,jam,NN,1
jaipur,7041,jaipur,jaipur,NN,1
jackson,9797,jackson,jackson,NN,1
jackie,9909,jackie,jacki,NN,1
issue,6729,issues,issu,NN,1
israel,3088,israel,israel,NN,1
isolated,1616,isolated,isol,JJ,1
islington,2693,islington,islington,NN,1
iron,5292,iron,iron,NN,1
iraq,5810,iraq,iraq,NN,1
iraniraq,9854,iraniraq,iraniraq,NN,1
inanimate,3702,inanimate,inanim,NN,1
improvisation,9787,improvisation,improvis,NN,1
impersonate,7660,impersonating,imperson,VB,1
hitwoman,5922,hitwoman,hitwoman,NN,1
hoover,6961,hoover,hoover,NN,1
honeymoon,3393,honeymoon,honeymoon,NN,1
honesty,6342,honesty,honesti,NN,1
homosexual,2888,homosexual,homosexu,JJ,1
homesickness,1788,homesickness,homesick,NN,1
homer,2165,homers,homer,NN,1
homepage,4411,homepage,homepag,NN,1
homelessness,3770,homelessness,homeless,NN,1
homeless,3766,homeless,homeless,NN,1
home,8457,home,home,NN,1
holocaust,1347,holocaust,holocaust,NN,1
holland,1955,holland,holland,NN,1
hmong,4906,hmong,hmong,NN,1
hitchhiker,2680,hitchhiker,hitchhik,NN,1
imperial,7446,imperial,imperi,JJ,1
hitchcockian,5102,hitchcockian,hitchcockian,NN,1
hit,5290,hit,hit,NN,1
hippie,3649,hippie,hippi,NN,1
himalaya,8209,himalaya,himalaya,NN,1
hill,6457,hills,hill,NN,1
hijack,2843,hijack,hijack,NN,1
herzegovina,718,herzegovina,herzegovina,NN,1
heroism,8712,heroism,heroism,NN,1
heroin,358,heroin,heroin,NN,1
heroic,6384,heroic,heroic,NN,1
heresy,3441,heresy,heresi,NN,1
henry,4387,henry,henri,NN,1
hemophagia,3259,hemophagia,hemophagia,NN,1
horde,137,horde,hord,NN,1
horticulture,8971,horticulture,horticultur,NN,1
hostagetaking,1076,hostagetaking,hostagetak,VB,1
hostile,8127,hostile,hostil,NN,1
impaired,2503,impaired,impair,JJ,1
immunity,9197,immunity,immun,NN,1
immigrant,1424,immigrant,immigr,NN,1
imitation,75,imitation,imit,NN,1
imagery,6177,imagery,imageri,NN,1
illusionism,9665,illusionism,illusion,NN,1
illuminati,5232,illuminati,illuminati,NN,1
illegitimate,2615,illegitimate,illegitim,NN,1
iliad,2166,iliad,iliad,NN,1
idol,4068,idol,idol,NN,1
iconography,3451,iconography,iconographi,NN,1
hypochondriac,8335,hypochondriac,hypochondriac,NN,1
hyperspace,2686,hyperspace,hyperspac,NN,1
hyena,7747,hyena,hyena,NN,1
hybrid,4241,hybrid,hybrid,NN,1
hut,994,hut,hut,NN,1
hustler,9438,hustler,hustler,NN,1
huntsman,9601,huntsman,huntsman,NN,1
hungary,6794,hungary,hungari,NN,1
hungarian,9051,hungarian,hungarian,NN,1
humour,6685,humour,humour,NN,1
humanoid,2312,humanoid,humanoid,NN,1
hughes,2596,hughes,hugh,NN,1
huckleberry,6981,huckleberry,huckleberri,NN,1
howard,2595,howard,howard,NN,1
housewife,4966,housewife,housewif,NN,1
housebreak,1101,housebreaking,housebreak,VB,1
zurich,3436,zurich,zurich,NN,1
